{
 "VARIANT": "neg",
 "RANKER": "amRange",
 "PMODEL": "spread",
 "NDAY": 42,
 "nFires": 210,
 "dropped": 4,
 "A": {
  "N": 75,
  "daysWith": 29,
  "winRate": 0.56,
  "expPerTrade": -0.015277481586673632,
  "total": -1.1458111190005225,
  "expPerDay": -0.027281217119060057,
  "pctPosDays": 0.30952380952380953,
  "dayTotals": [
   -1.7594356708200523,
   1.2414587637057048,
   -1,
   3.0085885962882335,
   -1.0013313806417254,
   -1,
   0,
   -0.29853395746134886,
   0.3695921501775503,
   0,
   0,
   0.7307606144742373,
   0,
   0,
   0,
   0.7068801313628901,
   -0.451783850645914,
   0,
   1.352866928971213,
   0,
   3.3070679336242694,
   -1.355245932199254,
   -0.43310735014388124,
   0.8247321917272655,
   -1.0746966058906733,
   -1.2230549189164428,
   -1.1719941616493341,
   -0.8520069871237838,
   1.7105242352368788,
   1.4458837805452378,
   0.7356179508551731,
   0,
   -3.0013092646842217,
   -1,
   0,
   0,
   -1,
   0,
   0.2620939669596323,
   0.8335605645950475,
   0,
   -1.052938847347225
  ]
 },
 "B": {
  "N": 70,
  "daysWith": 28,
  "winRate": 0.4857142857142857,
  "expPerTrade": -0.18018075957345908,
  "total": -12.612653170142135,
  "expPerDay": -0.3003012659557651,
  "pctPosDays": 0.21428571428571427,
  "dayTotals": [
   -0.4752953343447135,
   2.314814814814815,
   -1.0476190476190477,
   1.2855309484314297,
   0.11423220973782766,
   -0.5263157894736843,
   0,
   -0.3805309734513276,
   -0.7414658167346984,
   -0.963265306122449,
   -1.9851818604565012,
   0,
   0.721611656259292,
   0.3309768059397117,
   0,
   0,
   -0.8900048948093722,
   -2.8800408224694194,
   0,
   0,
   0.9875,
   0,
   -0.8926658864418201,
   -0.3076923076923077,
   0.7233033134260239,
   -1.2325865829426077,
   0,
   -2.4001364084704564,
   2.1975558100783337,
   0,
   0,
   -0.5277777777777779,
   -2.7083913905471704,
   0,
   0,
   -1.4339386707178814,
   0.7474634794156707,
   0,
   -0.8453543059159383,
   0,
   -0.78125,
   -1.0161290322580645
  ]
 },
 "C": {
  "N": 210,
  "daysWith": 39,
  "winRate": 0.5190476190476191,
  "expPerTrade": -0.0954398295327652,
  "total": -20.04236420188069,
  "expPerDay": -0.477199147663826,
  "pctPosDays": 0.3333333333333333,
  "dayTotals": [
   -3.052074310008071,
   4.905284748333088,
   -3.0047619047619047,
   7.3874663731464,
   -1.9045410313690139,
   -1.5263157894736843,
   0,
   -1.7102476455059812,
   -0.37187366655714804,
   -2.297849421194369,
   -3.0061242688334646,
   0.7307606144742373,
   -0.746986364562546,
   0.3309768059397117,
   0,
   1.8232713159358929,
   0.9612606326848996,
   -2.8800408224694194,
   3.2564442557290896,
   0.7487945723659335,
   5.7123043986556254,
   -1.355245932199254,
   -1.3257732365857011,
   -3.632231405423247,
   -1.321981527758767,
   -4.265732163279283,
   -2.847983109293458,
   -4.529996929017597,
   4.987648574389494,
   1.4458837805452378,
   1.4180078879620912,
   -0.5277777777777779,
   -6.590653036183773,
   -0.10178349548501875,
   -0.32352941176470595,
   -2.6692327883649396,
   0.9170108045185512,
   0,
   -0.5832603389563062,
   0.8335605645950475,
   -2.8559752747252745,
   -2.0690678796052895
  ]
 },
 "Cdd": {
  "N": 191,
  "daysWith": 39,
  "winRate": 0.5287958115183246,
  "expPerTrade": -0.07578372273404826,
  "total": -14.474691042203219,
  "expPerDay": -0.34463550100483853,
  "pctPosDays": 0.3333333333333333,
  "dayTotals": [
   -1.2459102879267618,
   4.905284748333088,
   -3.0047619047619047,
   6.014884836248992,
   -0.8951544108155931,
   -1.5263157894736843,
   0,
   -1.292630574396054,
   -0.37187366655714804,
   -2.297849421194369,
   -3.0061242688334646,
   0.7307606144742373,
   -0.746986364562546,
   0.3309768059397117,
   0,
   1.8232713159358929,
   0.9612606326848996,
   -2.8800408224694194,
   3.2564442557290896,
   0.7487945723659335,
   5.7123043986556254,
   -1.355245932199254,
   -1.3257732365857011,
   -3.632231405423247,
   -1.321981527758767,
   -2.2474466482611697,
   -1.8357131706431513,
   -3.143518528567441,
   3.9014373485783818,
   1.4458837805452378,
   1.4180078879620912,
   -0.5277777777777779,
   -5.811193794860125,
   -0.10178349548501875,
   -0.32352941176470595,
   -2.6692327883649396,
   0.9170108045185512,
   0,
   -0.9864552257571888,
   0.8335605645950475,
   -2.8559752747252745,
   -2.0690678796052895
  ]
 },
 "perIndex": {
  "SPXW": {
   "N": 75,
   "daysWith": 29,
   "winRate": 0.56,
   "expPerTrade": -0.015277481586673632,
   "total": -1.1458111190005225,
   "expPerDay": -0.027281217119060057,
   "pctPosDays": 0.30952380952380953,
   "dayTotals": [
    -1.7594356708200523,
    1.2414587637057048,
    -1,
    3.0085885962882335,
    -1.0013313806417254,
    -1,
    0,
    -0.29853395746134886,
    0.3695921501775503,
    0,
    0,
    0.7307606144742373,
    0,
    0,
    0,
    0.7068801313628901,
    -0.451783850645914,
    0,
    1.352866928971213,
    0,
    3.3070679336242694,
    -1.355245932199254,
    -0.43310735014388124,
    0.8247321917272655,
    -1.0746966058906733,
    -1.2230549189164428,
    -1.1719941616493341,
    -0.8520069871237838,
    1.7105242352368788,
    1.4458837805452378,
    0.7356179508551731,
    0,
    -3.0013092646842217,
    -1,
    0,
    0,
    -1,
    0,
    0.2620939669596323,
    0.8335605645950475,
    0,
    -1.052938847347225
   ]
  },
  "SPY": {
   "N": 64,
   "daysWith": 26,
   "winRate": 0.515625,
   "expPerTrade": -0.09313078907770837,
   "total": -5.960370500973336,
   "expPerDay": -0.141913583356508,
   "pctPosDays": 0.2619047619047619,
   "dayTotals": [
    -0.817343304843305,
    1.3490111698125689,
    -0.9571428571428572,
    3.0933468284267365,
    -1.0174418604651163,
    0,
    0,
    -1.0311827145933048,
    0,
    -1.33458411507192,
    -1.0209424083769634,
    0,
    -1.4685980208218377,
    0,
    0,
    1.1163911845730028,
    2.303049378140186,
    0,
    1.903577326757877,
    0.7487945723659335,
    1.4177364650313566,
    0,
    0,
    -4.149271289458206,
    -0.9705882352941176,
    -1.8100906614202346,
    -1.6759889476441239,
    -1.2778535334233567,
    1.0795685290742816,
    0,
    0.6823899371069181,
    0,
    -0.8809523809523809,
    0.8982165045149813,
    0,
    -1.2352941176470589,
    1.1695473251028805,
    0,
    0,
    0,
    -2.0747252747252745,
    0
   ]
  },
  "QQQ": {
   "N": 71,
   "daysWith": 29,
   "winRate": 0.4788732394366197,
   "expPerTrade": -0.18219975467474425,
   "total": -12.936182581906841,
   "expPerDay": -0.30800434718825814,
   "pctPosDays": 0.21428571428571427,
   "dayTotals": [
    -0.4752953343447135,
    2.314814814814815,
    -1.0476190476190477,
    1.2855309484314297,
    0.11423220973782766,
    -0.5263157894736843,
    0,
    -0.3805309734513276,
    -0.7414658167346984,
    -0.963265306122449,
    -1.9851818604565012,
    0,
    0.721611656259292,
    0.3309768059397117,
    0,
    0,
    -0.8900048948093722,
    -2.8800408224694194,
    0,
    0,
    0.9875,
    0,
    -0.8926658864418201,
    -0.3076923076923077,
    0.7233033134260239,
    -1.2325865829426077,
    0,
    -2.4001364084704564,
    2.1975558100783337,
    0,
    0,
    -0.5277777777777779,
    -2.7083913905471704,
    0,
    -0.32352941176470595,
    -1.4339386707178814,
    0.7474634794156707,
    0,
    -0.8453543059159383,
    0,
    -0.78125,
    -1.0161290322580645
   ]
  }
 },
 "randPerDay": -0.15906638255460873,
 "deltas": {
  "b": -0.27302004883670505,
  "cRaw": -0.4499179305447659,
  "cDedup": -0.31735428388577847,
  "bVsRandom": -0.1412348834011564
 }
}