{
 "VARIANT": "p40",
 "RANKER": "amRange",
 "PMODEL": "real",
 "NDAY": 42,
 "nFires": 398,
 "dropped": 10,
 "A": {
  "N": 115,
  "daysWith": 41,
  "winRate": 0.45217391304347826,
  "expPerTrade": -0.14248546659782535,
  "total": -16.385828658749915,
  "expPerDay": -0.39013877758928367,
  "pctPosDays": 0.3333333333333333,
  "dayTotals": [
   -0.8377312347151349,
   -1.8902801008357915,
   -1,
   2.818576547708485,
   -2.0013264192926723,
   -0.4557512476488371,
   -0.9188810070297583,
   -0.9088940938108695,
   0.37191894904567513,
   -0.37235758718836476,
   -1,
   -0.5858270421206355,
   -2.00554659648461,
   -1,
   -1.9961834813259784,
   0.11723985618560206,
   2.2376099004701953,
   -0.15242731658419773,
   1.8270091886519428,
   -1.234461510680752,
   -0.04363140072330918,
   -2.6029687056647157,
   -0.2890510534268139,
   -1.5356663343965649,
   0.607804213420997,
   0.6174047290377461,
   -1.5908233924496922,
   0.8518702525359019,
   3.194206503604174,
   0.7124679101796608,
   0.19756691456705178,
   0.06315018336169254,
   -1.8095403510846935,
   1.0692801426347578,
   -0.44817832524317536,
   -1.8166830510535923,
   -0.9975380768936398,
   0,
   0.6073346914386972,
   -0.047311372892137715,
   -3.001600282997414,
   -1.136608657049143
  ]
 },
 "B": {
  "N": 155,
  "daysWith": 42,
  "winRate": 0.5483870967741935,
  "expPerTrade": -0.07931598571779762,
  "total": -12.293977786258631,
  "expPerDay": -0.2927137568156817,
  "pctPosDays": 0.40476190476190477,
  "dayTotals": [
   -2.332538045621077,
   -0.2825003439368434,
   -1.060789522456292,
   1.7373778584738706,
   -2.8933018357342117,
   -2.0952376972416227,
   0.6474635321403933,
   -0.13634900713597542,
   -0.6656924943406534,
   -1.6110161285170244,
   -1.584744525324795,
   -0.9949636792350067,
   -1.4579460258200516,
   0.9873003726153499,
   0.01302171438985178,
   -0.22580567784111438,
   4.385907562323489,
   -1.3232722323125399,
   2.8730532484147364,
   0.6549808955379413,
   3.574740212972084,
   -1.6649671001811894,
   -1.7984175923725287,
   -2.123428233279787,
   -0.5729931947176263,
   -0.5902141965847443,
   -3.6506979476388537,
   -2.3519028223925003,
   2.1871062086361617,
   -2.867897038529085,
   1.4498411029572045,
   2.4569223517737324,
   -1.2144113302991173,
   -1.6772123642730405,
   -0.44817832524317536,
   0.3557533010156477,
   1.0455440502092253,
   0.11347511327485327,
   -0.7686199832898022,
   0.24755114561956537,
   1.0188345664811451,
   0.3502463212247825
  ]
 },
 "C": {
  "N": 398,
  "daysWith": 42,
  "winRate": 0.5175879396984925,
  "expPerTrade": -0.08377442530697292,
  "total": -33.34222127217522,
  "expPerDay": -0.7938624112422672,
  "pctPosDays": 0.38095238095238093,
  "dayTotals": [
   -4.009640675117065,
   1.042752254828356,
   -3.0441690238413335,
   6.473580222916335,
   -6.719373359915395,
   -3.0851613536737506,
   -1.4074157980711042,
   -2.3046889319031596,
   0.39075132283010705,
   -1.9363126572459946,
   -3.574886442673068,
   -1.331540133491507,
   -3.7325477482398917,
   -0.8867937815599829,
   -2.699974484494836,
   0.6388698908876527,
   8.959976062603635,
   -1.2466621012385726,
   8.202243972589697,
   0.8415436327974295,
   7.904380653426417,
   -5.1071193121960885,
   -2.399246254827286,
   -4.600805511717991,
   0.6688319543928785,
   -1.2068605266113297,
   -6.841170677440386,
   -2.7356609717336466,
   8.463730380906705,
   -3.813082382828143,
   3.4999152774619304,
   2.3085355189069396,
   -3.65370240988047,
   -0.4536548677328593,
   -5.893583411605324,
   -4.475489952400537,
   1.4374652871911187,
   0.2748354397172543,
   0.32704551719831665,
   1.044303927876269,
   -6.069555737309306,
   -2.591884080957236
  ]
 },
 "Cdd": {
  "N": 338,
  "daysWith": 42,
  "winRate": 0.5177514792899408,
  "expPerTrade": -0.07987107763187366,
  "total": -26.996424239573297,
  "expPerDay": -0.6427720057041262,
  "pctPosDays": 0.3333333333333333,
  "dayTotals": [
   -2.9948513429042394,
   0.7379384063448406,
   -2.052479273148813,
   4.739147082530424,
   -4.707904247969731,
   -3.0851613536737506,
   -0.4660821658624691,
   -2.3046889319031596,
   0.39075132283010705,
   -1.5753131081279477,
   -3.574886442673068,
   -1.331540133491507,
   -2.757177099854247,
   -0.8867937815599829,
   -1.505317084115461,
   -0.30050543041631395,
   6.881252916860422,
   -0.1998395234095065,
   8.202243972589697,
   0.41341182277377597,
   5.064474100704726,
   -4.078826004024686,
   -1.4006516432010667,
   -4.600805511717991,
   1.682114798372251,
   -1.2068605266113297,
   -3.3794381371276616,
   -3.40887789134238,
   5.9786024601949554,
   -1.7775204335056731,
   2.5042392318130524,
   0.6465629186940667,
   -3.65370240988047,
   -0.3060807458328109,
   -5.893583411605324,
   -3.454095986261794,
   1.4374652871911187,
   0.8057002763399943,
   -0.20502679237486632,
   1.044303927876269,
   -4.605155468982332,
   -1.8114678831104074
  ]
 },
 "perIndex": {
  "SPXW": {
   "N": 115,
   "daysWith": 41,
   "winRate": 0.45217391304347826,
   "expPerTrade": -0.14248546659782535,
   "total": -16.385828658749915,
   "expPerDay": -0.39013877758928367,
   "pctPosDays": 0.3333333333333333,
   "dayTotals": [
    -0.8377312347151349,
    -1.8902801008357915,
    -1,
    2.818576547708485,
    -2.0013264192926723,
    -0.4557512476488371,
    -0.9188810070297583,
    -0.9088940938108695,
    0.37191894904567513,
    -0.37235758718836476,
    -1,
    -0.5858270421206355,
    -2.00554659648461,
    -1,
    -1.9961834813259784,
    0.11723985618560206,
    2.2376099004701953,
    -0.15242731658419773,
    1.8270091886519428,
    -1.234461510680752,
    -0.04363140072330918,
    -2.6029687056647157,
    -0.2890510534268139,
    -1.5356663343965649,
    0.607804213420997,
    0.6174047290377461,
    -1.5908233924496922,
    0.8518702525359019,
    3.194206503604174,
    0.7124679101796608,
    0.19756691456705178,
    0.06315018336169254,
    -1.8095403510846935,
    1.0692801426347578,
    -0.44817832524317536,
    -1.8166830510535923,
    -0.9975380768936398,
    0,
    0.6073346914386972,
    -0.047311372892137715,
    -3.001600282997414,
    -1.136608657049143
   ]
  },
  "SPY": {
   "N": 127,
   "daysWith": 42,
   "winRate": 0.5511811023622047,
   "expPerTrade": -0.008623786531789128,
   "total": -1.0952208895372193,
   "expPerDay": -0.02607668784612427,
   "pctPosDays": 0.4523809523809524,
   "dayTotals": [
    -0.8393713947808525,
    3.215532699600991,
    -0.9833795013850416,
    1.9176258167339797,
    -1.8247451048885117,
    -0.534172408783291,
    -1.135998323181739,
    -1.2594458309563148,
    0.6845248681250855,
    0.04706105845939437,
    -0.9901419173482734,
    0.2492505878641353,
    -0.26905512593522973,
    -0.8740941541753329,
    -0.7168127175587091,
    0.747435712543165,
    2.3364585998099523,
    0.2290374476581647,
    3.502181535523019,
    1.4210242479402397,
    4.373271841177642,
    -0.8391835063501839,
    -0.3117776090279438,
    -0.941710944041639,
    0.6340209356895077,
    -1.2340510590643314,
    -1.5996493373518406,
    -1.2356284018770485,
    3.0824176686663693,
    -1.6576532544787188,
    1.8525072599376742,
    -0.21153701622848486,
    -0.6297507284966595,
    0.15427735390542363,
    -1.3821476103219597,
    -3.0145602023625924,
    1.3894593138755333,
    0.11347511327485327,
    0.4883308090494216,
    0.8440641551488413,
    -4.086790020793037,
    -1.8055217451328756
   ]
  },
  "QQQ": {
   "N": 156,
   "daysWith": 42,
   "winRate": 0.5384615384615384,
   "expPerTrade": -0.10167417771723135,
   "total": -15.861171723888091,
   "expPerDay": -0.3776469458068593,
   "pctPosDays": 0.40476190476190477,