{
 "VARIANT": "p40",
 "RANKER": "netg",
 "PMODEL": "spread",
 "NDAY": 42,
 "nFires": 398,
 "dropped": 10,
 "A": {
  "N": 115,
  "daysWith": 41,
  "winRate": 0.4608695652173913,
  "expPerTrade": -0.14106143140893448,
  "total": -16.222064612027467,
  "expPerDay": -0.3862396336197016,
  "pctPosDays": 0.35714285714285715,
  "dayTotals": [
   -0.8238797734078349,
   -1.7673723549486535,
   -1,
   3.017426383170791,
   -2.0013313806417257,
   -0.5557006350525253,
   -1.2075252169833448,
   -0.7043037916230354,
   0.33055833422460457,
   -0.4305126138229586,
   -1,
   -0.18786457111580246,
   -2.005404014410705,
   -1,
   -2.0012269261206437,
   0.12311635850177427,
   2.027231266770796,
   0.0723873498225096,
   2.0171229608177366,
   -1.2053418092264723,
   0.011653121065797745,
   -2.523671570106226,
   -0.4125606558411067,
   -1.3266311450688648,
   1.0874794895965278,
   0.4769736390932978,
   -1.8658402812177868,
   0.7924187864296759,
   3.0954978606226566,
   0.5787106466540335,
   0.245201283723806,
   -0.06936184186723393,
   -1.8591751078820258,
   1.1794643201861366,
   -0.4967948846690672,
   -1.8228011139610218,
   -1,
   0,
   0.36473082832677783,
   -0.0915075367613144,
   -3.0017593244194227,
   -1.2814706918866179
  ]
 },
 "B": {
  "N": 134,
  "daysWith": 41,
  "winRate": 0.48507462686567165,
  "expPerTrade": -0.11094820774770234,
  "total": -14.867059838192112,
  "expPerDay": -0.3539776151950503,
  "pctPosDays": 0.30952380952380953,
  "dayTotals": [
   -0.8238797734078349,
   -1.7673723549486535,
   -1,
   2.126248940337338,
   -2.0013313806417257,
   -2.2171465485418973,
   -1.2075252169833448,
   -1.362318465267563,
   -0.752685357434751,
   -1.6253233869305297,
   -1.0288461538461537,
   -0.18786457111580246,
   -1.5645329736080593,
   1.031523408802511,
   -1.6321984026902059,
   0.4465781721620361,
   4.099489970458775,
   -1.3969702837686282,
   2.0171229608177366,
   1.487300086288248,
   4.2634107353249515,
   -2.523671570106226,
   -0.6468468468468469,
   -2.129723424308398,
   -0.7403176190387681,
   0.4769736390932978,
   -1.7407053731978301,
   0.7924187864296759,
   2.1975558100783337,
   -2.9025285589770284,
   0.245201283723806,
   -0.06936184186723393,
   -1.2734529959372607,
   0.8370107981182948,
   -1.2788514313194623,
   0.3054109097815458,
   -1,
   0,
   -0.8453543059159383,
   -0.0915075367613144,
   -0.10151827426059123,
   -1.2814706918866179
  ]
 },
 "C": {
  "N": 398,
  "daysWith": 42,
  "winRate": 0.507537688442211,
  "expPerTrade": -0.10768905238519132,
  "total": -42.86024284930615,
  "expPerDay": -1.0204819726025274,
  "pctPosDays": 0.35714285714285715,
  "dayTotals": [
   -4.348034560354195,
   -0.36531318879052976,
   -3.0757726819541373,
   6.540197497616284,
   -6.9214604649127995,
   -3.401879441658939,
   -1.8247202195287242,
   -2.263750413938541,
   0.23734830538282936,
   -2.1282711536764465,
   -3.7811159162042385,
   -1.994464334953372,
   -4.022274846238975,
   -0.8481062208271191,
   -4.767849000250367,
   0.296819834060722,
   8.222460887577595,
   -1.0113175609355225,
   8.051213046908753,
   1.9251831372206412,
   7.667884331882895,
   -5.611489034716829,
   -2.9082074000053715,
   -4.477497169467232,
   1.314236044280783,
   -1.4603759628371487,
   -7.28684192783145,
   -2.864138932733586,
   8.182982560135633,
   -4.0606729246779505,
   3.6873695866994596,
   1.950134158910508,
   -3.5948279365045224,
   0.25328589878255936,
   -5.837639336119732,
   -4.868889855423373,
   1.4915119349420558,
   0.5426050483681937,
   -0.4572857063203548,
   0.8981795920859487,
   -7.230888227298707,
   -2.708570296000871
  ]
 },
 "Cdd": {
  "N": 338,
  "daysWith": 42,
  "winRate": 0.514792899408284,
  "expPerTrade": -0.10248105193078515,
  "total": -34.63859555260538,
  "expPerDay": -0.8247284655382233,
  "pctPosDays": 0.3333333333333333,
  "dayTotals": [
   -3.333566225783711,
   -0.6447969163226052,
   -2.0672981056829514,
   4.83068215777238,
   -4.893879057470572,
   -3.401879441658939,
   -0.8669053004576477,
   -2.263750413938541,
   0.23734830538282936,
   -1.7144695596999155,
   -3.7811159162042385,
   -1.994464334953372,
   -3.0054197507426035,
   -0.8481062208271191,
   -3.0778661390548607,
   -0.6170233183460563,
   6.30439916441358,
   -0.16203403869201483,
   8.051213046908753,
   1.5004282862411606,
   4.880547120040553,
   -3.972233485953688,
   -1.898015574914392,
   -4.477497169467232,
   2.327260002937625,
   -1.4603759628371487,
   -3.844180320535571,
   -3.548329371361144,
   5.801007455760996,
   -1.926558695069056,
   2.7207183096237597,
   0.40519283911044335,
   -3.5948279365045224,
   0.3914089785987994,
   -5.837639336119732,
   -3.846124452410593,
   1.4915119349420558,
   1.0190543237305125,
   -0.6751743520142348,
   0.8981795920859487,
   -5.787512816789676,
   -1.9565028563426368
  ]
 },
 "perIndex": {
  "SPXW": {
   "N": 115,
   "daysWith": 41,
   "winRate": 0.4608695652173913,
   "expPerTrade": -0.14106143140893448,
   "total": -16.222064612027467,
   "expPerDay": -0.3862396336197016,
   "pctPosDays": 0.35714285714285715,
   "dayTotals": [
    -0.8238797734078349,
    -1.7673723549486535,
    -1,
    3.017426383170791,
    -2.0013313806417257,
    -0.5557006350525253,
    -1.2075252169833448,
    -0.7043037916230354,
    0.33055833422460457,
    -0.4305126138229586,
    -1,
    -0.18786457111580246,
    -2.005404014410705,
    -1,
    -2.0012269261206437,
    0.12311635850177427,
    2.027231266770796,
    0.0723873498225096,
    2.0171229608177366,
    -1.2053418092264723,
    0.011653121065797745,
    -2.523671570106226,
    -0.4125606558411067,
    -1.3266311450688648,
    1.0874794895965278,
    0.4769736390932978,
    -1.8658402812177868,
    0.7924187864296759,
    3.0954978606226566,
    0.5787106466540335,
    0.245201283723806,
    -0.06936184186723393,
    -1.8591751078820258,
    1.1794643201861366,
    -0.4967948846690672,
    -1.8228011139610218,
    -1,
    0,
    0.36473082832677783,
    -0.0915075367613144,
    -3.0017593244194227,
    -1.2814706918866179
   ]
  },
  "SPY": {
   "N": 127,
   "daysWith": 42,
   "winRate": 0.5275590551181102,
   "expPerTrade": -0.048163691156797875,
   "total": -6.11678877691333,
   "expPerDay": -0.14563782802174594,
   "pctPosDays": 0.40476190476190477,
   "dayTotals": [
    -0.817343304843305,
    2.1414973914973916,
    -1.0169491525423728,
    2.126248940337338,
    -1.946013289036545,
    -0.6290322580645161,
    -1.1699059561128529,
    -1.362318465267563,
    0.6594753285929758,
    -0.07243515292295793,
    -1.0288461538461537,
    -0.6862348521314637,
    -0.45233785822021144,
    -0.8796296296296297,
    -1.6321984026902059,
    0.4465781721620361,
    2.0957396503480252,
    0.3132653730105963,
    3.288387739480335,
    1.487300086288248,
    4.2634107353249515,
    -1.3796925353668852,
    -0.6468468468468469,
    -1.0211426000899688,
    0.9670741737230232,
    -1.333229305904121,
    -1.7407053731978301,
    -1.2725965285551069,
    2.8899288894346418,
    -1.736855012354955,
    1.7155496092643086,
    -0.3102317125038869,
    -0.46219983268523523,
    0.8370107981182948,
    -1.2788514313194623,
    -3.3514996512438966,
    1.4060526315789474,
    0.13553113553113527,
    0.02333777126880565,
    0.7981977671451355,
    -4.127610628618693,
    -1.356669036024854
   ]
  },
  "QQQ": {
   "N": 156,
   "daysWith": 42,
   "winRate": 0.5256410256410257,
   "expPerTrade": -0.13154736833567546,
   "total": -20.52138946036537,
   "expPerDay": -0.48860451096108026,
   "pctPosDays": 0.3333333333333333,