timestamp,trading_date,ticker,underlying_symbol,fire_direction,fire_price,fire_source,entry_candidate_time,current_time_bucket,option_contract_candidate,option_symbol,expiry,strike,call_or_put,premium_mid,premium_bid,premium_ask,premium_band,spread_pct,volume,open_interest,gex_state,distance_to_wall_bps,wall_bucket,day_type,trend_or_chop_state,vix_level,vix_change_from_open,flow_5m_direction,flow_5m_net_premium,flow_5m_agreement,flow_tier,flow_exhaustion_flag,confirmation_entry_outcome,confirmation_timestamp,confirmation_price,red_flag_count,red_flags_json,positive_stack_score,policy_flags_eq_0_pass,policy_flags_le_1_pass,policy_full_combined_pass,missing_data,notes_json
2026-07-09T13:31:17.627Z,2026-07-09,SPXW,SPX,bear,7489.45,BEAR_RUG,2026-07-09T13:32:17.627Z,9:30-10,SPXW260709P07490000,SPXW260709P07490000,2026-07-09,7490,put,17.85,17.7,18,other,1.7,,,positive,6,<20,,,16.92,0,bearish,-1327474,true,one-sided,false,confirmed,2026-07-09T13:32:23.775Z,20,2,"{""afternoon"":false,""posgex_noroom"":true,""flow_exhausted"":true,""flow_against"":false,""pin"":false,""breakeven"":false}",0,false,false,false,,"{""executed"":false,""note"":""bear_above_prior_close ($7489.45 >= $7483.35)"",""unknown_flags"":0}"
2026-07-09T13:32:17.624Z,2026-07-09,QQQ,QQQ,bull,716.87,BULL_REVERSE,2026-07-09T13:33:17.624Z,9:30-10,QQQ260709C00717000,QQQ260709C00717000,2026-07-09,717,call,3.145,3.13,3.16,bad_2-10,1,,,positive,72,50-100(sweet),,,17.05,0.13,bullish,160818,true,mixed,false,confirmed,2026-07-09T13:33:25.824Z,3.2350000000000003,1,"{""afternoon"":false,""posgex_noroom"":false,""flow_exhausted"":false,""flow_against"":false,""pin"":false,""breakeven"":true}",2,false,true,false,,"{""executed"":true,""note"":""ok"",""unknown_flags"":0}"
2026-07-09T13:34:17.626Z,2026-07-09,QQQ,QQQ,bear,718.7,BEAR_RUG,2026-07-09T13:35:17.626Z,9:30-10,QQQ260709P00719000,QQQ260709P00719000,2026-07-09,719,put,3.06,3.04,3.08,bad_2-10,1.3,,,positive,121,>100,,,16.83,-0.09,bullish,4092767,false,one-sided,false,not_confirmed,2026-07-09T13:35:25.690Z,2.615,3,"{""afternoon"":false,""posgex_noroom"":false,""flow_exhausted"":true,""flow_against"":true,""pin"":false,""breakeven"":true}",0,false,false,false,,"{""executed"":false,""note"":""bear_above_prior_close ($718.70 >= $711.29)"",""unknown_flags"":0}"
2026-07-09T13:52:17.690Z,2026-07-09,SPY,SPY,bull,748.8,BULL_REVERSE,2026-07-09T13:53:17.690Z,9:30-10,SPY260709C00749000,SPY260709C00749000,2026-07-09,749,call,1.3849999999999998,1.38,1.39,good_0.5-2,0.7,,,positive,3,<20,,,16.5,-0.42,bearish,-2878310,false,mixed,false,confirmed,2026-07-09T13:53:26.154Z,1.435,2,"{""afternoon"":false,""posgex_noroom"":true,""flow_exhausted"":false,""flow_against"":true,""pin"":false,""breakeven"":false}",1,false,false,false,,"{""executed"":true,""note"":""ok"",""unknown_flags"":0}"
2026-07-09T14:20:17.734Z,2026-07-09,QQQ,QQQ,bear,716.155,BEAR_RUG,2026-07-09T14:21:17.734Z,10-11,QQQ260709P00716000,QQQ260709P00716000,2026-07-09,716,put,2.83,2.81,2.85,bad_2-10,1.4,,,positive,86,50-100(sweet),,,17,0.08,bearish,-3530375,true,one-sided,false,confirmed,2026-07-09T14:21:25.855Z,3.22,2,"{""afternoon"":false,""posgex_noroom"":false,""flow_exhausted"":true,""flow_against"":false,""pin"":false,""breakeven"":true}",1,false,false,false,,"{""executed"":false,""note"":""bear_above_prior_close ($716.15 >= $711.29)"",""unknown_flags"":0}"
2026-07-09T14:21:17.736Z,2026-07-09,QQQ,QQQ,bull,715.25,BULL_REVERSE,2026-07-09T14:22:17.736Z,10-11,QQQ260709C00715000,QQQ260709C00715000,2026-07-09,715,call,3.0949999999999998,3.08,3.11,bad_2-10,1,,,positive,150,>100,,,17.09,0.17,bearish,-4265346,false,one-sided,false,confirmed,2026-07-09T14:22:25.792Z,3.115,3,"{""afternoon"":false,""posgex_noroom"":false,""flow_exhausted"":true,""flow_against"":true,""pin"":false,""breakeven"":true}",0,false,false,false,,"{""executed"":true,""note"":""ok"",""unknown_flags"":0}"
2026-07-09T14:54:17.788Z,2026-07-09,QQQ,QQQ,bear,718.235,BEAR_RUG,2026-07-09T14:55:17.788Z,10-11,QQQ260709P00718000,QQQ260709P00718000,2026-07-09,718,put,2.135,2.12,2.15,bad_2-10,1.4,,,positive,45,20-50,,,16.58,-0.34,bearish,-2009107,true,one-sided,false,not_confirmed,2026-07-09T14:55:25.050Z,1.8250000000000002,1,"{""afternoon"":false,""posgex_noroom"":false,""flow_exhausted"":true,""flow_against"":false,""pin"":false,""breakeven"":false}",0,false,true,false,,"{""executed"":false,""note"":""bear_above_prior_close ($718.24 >= $711.29)"",""unknown_flags"":0}"
2026-07-09T16:03:17.909Z,2026-07-09,SPY,SPY,bull,750.38,BULL_REVERSE,2026-07-09T16:04:17.909Z,lunch,SPY260709C00750000,SPY260709C00750000,2026-07-09,750,call,1.065,1.06,1.07,good_0.5-2,0.9,,,positive,8,<20,,,16.05,-0.87,bullish,3096956,true,mixed,false,not_confirmed,2026-07-09T16:04:26.219Z,1.005,2,"{""afternoon"":false,""posgex_noroom"":true,""flow_exhausted"":false,""flow_against"":false,""pin"":true,""breakeven"":false}",2,false,false,false,,"{""executed"":true,""note"":""ok"",""unknown_flags"":0}"
2026-07-09T17:10:17.980Z,2026-07-09,SPY,SPY,bull,751.12,BULL_REVERSE,2026-07-09T17:11:17.980Z,lunch,SPY260709C00751000,SPY260709C00751000,2026-07-09,751,call,0.695,0.69,0.7,good_0.5-2,1.4,,,positive,38,20-50,,,15.96,-0.96,bullish,4039849,true,mixed,false,confirmed,2026-07-09T17:11:24.455Z,0.835,1,"{""afternoon"":false,""posgex_noroom"":false,""flow_exhausted"":false,""flow_against"":false,""pin"":true,""breakeven"":false}",2,false,true,true,,"{""executed"":true,""note"":""ok"",""unknown_flags"":0}"
2026-07-09T17:59:18.030Z,2026-07-09,SPXW,SPX,bear,7541.65,BEAR_RUG,2026-07-09T18:00:18.030Z,13:30-15,SPXW260709P07540000,SPXW260709P07540000,2026-07-09,7540,put,4.65,4.6,4.7,bad_2-10,2.2,,,positive,55,50-100(sweet),,,16.04,-0.88,bullish,4425619,false,mixed,false,not_confirmed,2026-07-09T18:00:25.963Z,3.55,3,"{""afternoon"":true,""posgex_noroom"":false,""flow_exhausted"":false,""flow_against"":true,""pin"":true,""breakeven"":false}",1,false,false,false,,"{""executed"":false,""note"":""bear_above_prior_close ($7541.65 >= $7483.35)"",""unknown_flags"":0}"
2026-07-10T13:30:11.479Z,2026-07-10,SPXW,SPX,bear,7549.53,BEAR_RUG,2026-07-10T13:31:11.479Z,9:30-10,SPXW260710P07550000,SPXW260710P07550000,2026-07-10,7550,put,16.6,16.5,16.7,other,1.2,,,neutral,66,50-100(sweet),,,15.73,0,bearish,-1577621,true,one-sided,false,not_confirmed,2026-07-10T13:31:18.562Z,14.3,1,"{""afternoon"":false,""posgex_noroom"":false,""flow_exhausted"":true,""flow_against"":false,""pin"":false,""breakeven"":false}",2,false,true,false,,"{""executed"":false,""note"":""bear_above_session_open ($7549.53 >= $7549.53)"",""unknown_flags"":0}"
2026-07-10T13:31:11.480Z,2026-07-10,QQQ,QQQ,bull,721.97,BULL_REVERSE,2026-07-10T13:32:11.480Z,9:30-10,QQQ260710C00722000,QQQ260710C00722000,2026-07-10,722,call,2.935,2.93,2.94,bad_2-10,0.3,,,positive,0,<20,,,15.69,-0.04,bullish,749490,true,one-sided,false,not_confirmed,2026-07-10T13:32:18.297Z,2.6900000000000004,4,"{""afternoon"":false,""posgex_noroom"":true,""flow_exhausted"":true,""flow_against"":false,""pin"":true,""breakeven"":true}",0,false,false,false,,"{""executed"":true,""note"":{""note"":""ok"",""execution_status"":""executed"",""bull_tape_gate_pass"":true},""unknown_flags"":0}"
2026-07-10T13:50:11.518Z,2026-07-10,SPY,SPY,bull,753.01,BULL_REVERSE,2026-07-10T13:51:11.518Z,9:30-10,SPY260710C00753000,SPY260710C00753000,2026-07-10,753,call,1.225,1.22,1.23,good_0.5-2,0.8,,,positive,13,<20,,,15.54,-0.19,bullish,1387221,true,mixed,false,not_confirmed,2026-07-10T13:51:21.389Z,1.1949999999999998,2,"{""afternoon"":false,""posgex_noroom"":true,""flow_exhausted"":false,""flow_against"":false,""pin"":true,""breakeven"":false}",2,false,false,false,,"{""executed"":true,""note"":{""note"":""ok"",""execution_status"":""executed"",""bull_tape_gate_pass"":true},""unknown_flags"":0}"
2026-07-10T14:33:11.585Z,2026-07-10,SPY,SPY,bear,748.7049999999999,BEAR_RUG,2026-07-10T14:34:11.585Z,10-11,SPY260710P00749000,SPY260710P00749000,2026-07-10,749,put,1.3450000000000002,1.34,1.35,good_0.5-2,0.7,,,positive,116,>100,,,15.54,-0.19,bearish,-12254974,true,one-sided,false,not_confirmed,2026-07-10T14:34:20.525Z,0.64,1,"{""afternoon"":false,""posgex_noroom"":false,""flow_exhausted"":true,""flow_against"":false,""pin"":false,""breakeven"":false}",1,false,true,false,,"{""executed"":true,""note"":""ok"",""unknown_flags"":0}"
2026-07-10T14:34:11.585Z,2026-07-10,SPXW,SPX,bull,7522.1,BULL_REVERSE,2026-07-10T14:35:11.585Z,10-11,SPXW260710C07520000,SPXW260710C07520000,2026-07-10,7520,call,25.85,25.7,26,other,1.2,,,positive,44,20-50,,,15.9,0.17,bearish,-29593560,false,mixed,false,confirmed,2026-07-10T14:35:20.002Z,26.95,3,"{""afternoon"":false,""posgex_noroom"":false,""flow_exhausted"":false,""flow_against"":true,""pin"":true,""breakeven"":true}",0,false,false,false,,"{""executed"":true,""note"":{""note"":""ok"",""execution_status"":""executed"",""bull_tape_gate_pass"":false,""bull_tape_gate_reason"":""SPY_QQQ_SPX_BELOW_PRIOR_CLOSE""},""unknown_flags"":0}"
2026-07-10T14:34:11.585Z,2026-07-10,QQQ,QQQ,bear,719.74,BEAR_TRAPDOOR,2026-07-10T14:35:11.585Z,10-11,QQQ260710P00720000,QQQ260710P00720000,2026-07-10,720,put,1.98,1.96,2,good_0.5-2,2,,,positive,10,<20,,,15.9,0.17,bearish,-1476137,true,mixed,false,not_confirmed,2026-07-10T14:35:21.170Z,1.96,2,"{""afternoon"":false,""posgex_noroom"":true,""flow_exhausted"":false,""flow_against"":false,""pin"":true,""breakeven"":false}",2,false,false,false,,"{""executed"":true,""note"":""ok"",""unknown_flags"":0}"
2026-07-10T14:35:11.587Z,2026-07-10,SPXW,SPX,bear,7536.31,BEAR_RUG,2026-07-10T14:36:11.587Z,10-11,SPXW260710P07535000,SPXW260710P07535000,2026-07-10,7535,put,13.85,13.7,14,other,2.2,,,positive,48,20-50,,,15.96,0.23,bearish,-18850233,true,one-sided,false,confirmed,2026-07-10T14:36:18.553Z,14.2,2,"{""afternoon"":false,""posgex_noroom"":false,""flow_exhausted"":true,""flow_against"":false,""pin"":true,""breakeven"":false}",0,false,false,false,,"{""executed"":false,""note"":""bear_above_prior_close ($7536.31 >= $7535.48)"",""unknown_flags"":0}"
2026-07-10T14:35:11.587Z,2026-07-10,QQQ,QQQ,bull,721.3,BULL_REVERSE,2026-07-10T14:36:11.587Z,10-11,QQQ260710C00721000,QQQ260710C00721000,2026-07-10,721,call,2.6900000000000004,2.66,2.72,bad_2-10,2.2,,,positive,10,<20,,,15.96,0.23,bearish,-2056472,false,mixed,false,not_confirmed,2026-07-10T14:36:19.623Z,2.685,4,"{""afternoon"":false,""posgex_noroom"":true,""flow_exhausted"":false,""flow_against"":true,""pin"":true,""breakeven"":true}",0,false,false,false,,"{""executed"":true,""note"":{""note"":""ok"",""execution_status"":""executed"",""bull_tape_gate_pass"":true},""unknown_flags"":0}"
2026-07-10T15:07:24.976Z,2026-07-10,SPXW,SPX,bear,7538.16,BEAR_RUG,2026-07-10T15:08:24.976Z,11-12,SPXW260710P07540000,SPXW260710P07540000,2026-07-10,7540,put,12.5,12.4,12.6,other,1.6,,,positive,51,50-100(sweet),,,15.8,0,bullish,12086764,false,one-sided,true,not_confirmed,2026-07-10T15:08:31.450Z,10.55,2,"{""afternoon"":false,""posgex_noroom"":false,""flow_exhausted"":true,""flow_against"":true,""pin"":false,""breakeven"":false}",1,false,false,false,,"{""executed"":false,""note"":""bear_above_session_open ($7538.16 >= $7538.16)"",""unknown_flags"":0}"
2026-07-10T15:25:24.993Z,2026-07-10,SPY,SPY,bull,753.16,BULL_REVERSE,2026-07-10T15:26:24.993Z,11-12,SPY260710C00753000,SPY260710C00753000,2026-07-10,753,call,1.025,1.02,1.03,good_0.5-2,1,,,positive,11,<20,,,15.41,-0.39,bullish,1160686,true,mixed,false,confirmed,2026-07-10T15:26:33.580Z,1.145,2,"{""afternoon"":false,""posgex_noroom"":true,""flow_exhausted"":false,""flow_against"":false,""pin"":true,""breakeven"":false}",2,false,false,false,,"{""executed"":true,""note"":{""note"":""ok"",""execution_status"":""executed"",""bull_tape_gate_pass"":true},""unknown_flags"":0}"
2026-07-10T16:05:25.050Z,2026-07-10,QQQ,QQQ,bull,724.24,BULL_REVERSE,2026-07-10T16:06:25.050Z,lunch,QQQ260710C00724000,QQQ260710C00724000,2026-07-10,724,call,1.4849999999999999,1.48,1.49,good_0.5-2,0.7,,,positive,10,<20,,,15.34,-0.46,bullish,2652120,true,one-sided,false,not_confirmed,2026-07-10T16:06:32.201Z,1.3650000000000002,2,"{""afternoon"":false,""posgex_noroom"":true,""flow_exhausted"":true,""flow_against"":false,""pin"":false,""breakeven"":false}",1,false,false,false,,"{""executed"":true,""note"":{""note"":""ok"",""execution_status"":""executed"",""bull_tape_gate_pass"":true},""unknown_flags"":0}"
2026-07-10T16:20:25.080Z,2026-07-10,SPY,SPY,bull,753.58,BULL_REVERSE,2026-07-10T16:21:25.080Z,lunch,SPY260710C00754000,SPY260710C00754000,2026-07-10,754,call,0.565,0.56,0.57,good_0.5-2,1.8,,,positive,6,<20,,,15.37,-0.43,bullish,2958827,true,mixed,false,not_confirmed,2026-07-10T16:21:33.433Z,0.46499999999999997,2,"{""afternoon"":false,""posgex_noroom"":true,""flow_exhausted"":false,""flow_against"":false,""pin"":true,""breakeven"":false}",2,false,false,false,,"{""executed"":true,""note"":{""note"":""ok"",""execution_status"":""executed"",""bull_tape_gate_pass"":true},""unknown_flags"":0}"
2026-07-10T17:21:35.622Z,2026-07-10,QQQ,QQQ,bear,725.165,BEAR_RUG,2026-07-10T17:22:35.622Z,lunch,QQQ260710P00725000,QQQ260710P00725000,2026-07-10,725,put,0.815,0.81,0.82,good_0.5-2,1.2,,,positive,16,<20,,,15.35,-0.45,bullish,1666248,false,one-sided,false,not_confirmed,2026-07-10T17:22:43.503Z,0.79,4,"{""afternoon"":false,""posgex_noroom"":true,""flow_exhausted"":true,""flow_against"":true,""pin"":true,""breakeven"":false}",1,false,false,false,,"{""executed"":false,""note"":""bear_above_prior_close ($725.16 >= $722.00)"",""unknown_flags"":0}"
2026-07-10T17:29:35.629Z,2026-07-10,SPY,SPY,bear,754.04,BEAR_RUG,2026-07-10T17:30:35.629Z,lunch,SPY260710P00754000,SPY260710P00754000,2026-07-10,754,put,0.54,0.53,0.55,good_0.5-2,3.7,,,positive,1,<20,,,15.38,-0.42,bearish,-1957338,true,mixed,false,not_confirmed,2026-07-10T17:30:44.165Z,0.515,2,"{""afternoon"":false,""posgex_noroom"":true,""flow_exhausted"":false,""flow_against"":false,""pin"":true,""breakeven"":false}",2,false,false,false,,"{""executed"":false,""note"":""bear_above_prior_close ($754.04 >= $750.85)"",""unknown_flags"":0}"
2026-07-10T17:30:35.631Z,2026-07-10,SPY,SPY,bull,754.05,BULL_REVERSE,2026-07-10T17:31:35.631Z,13:30-15,SPY260710C00754000,SPY260710C00754000,2026-07-10,754,call,0.575,0.57,0.58,good_0.5-2,1.7,,,positive,26,20-50,,,15.38,-0.42,bearish,-1473374,false,mixed,false,confirmed,2026-07-10T17:31:44.612Z,0.595,3,"{""afternoon"":true,""posgex_noroom"":false,""flow_exhausted"":false,""flow_against"":true,""pin"":true,""breakeven"":false}",1,false,false,false,,"{""executed"":true,""note"":{""note"":""ok"",""execution_status"":""executed"",""bull_tape_gate_pass"":true},""unknown_flags"":0}"
2026-07-10T17:40:35.642Z,2026-07-10,QQQ,QQQ,bull,726.16,BULL_REVERSE,2026-07-10T17:41:35.642Z,13:30-15,QQQ260710C00726000,QQQ260710C00726000,2026-07-10,726,call,0.88,0.87,0.89,good_0.5-2,2.3,,,positive,18,<20,,,15.35,-0.45,bullish,689953,true,mixed,false,not_confirmed,2026-07-10T17:41:43.563Z,0.815,3,"{""afternoon"":true,""posgex_noroom"":true,""flow_exhausted"":false,""flow_against"":false,""pin"":true,""breakeven"":false}",2,false,false,false,,"{""executed"":true,""note"":{""note"":""ok"",""execution_status"":""executed"",""bull_tape_gate_pass"":true},""unknown_flags"":0}"
2026-07-10T17:58:35.677Z,2026-07-10,QQQ,QQQ,bear,725.52,BEAR_RUG,2026-07-10T17:59:35.677Z,13:30-15,QQQ260710P00726000,QQQ260710P00726000,2026-07-10,726,put,0.995,0.99,1,good_0.5-2,1,,,positive,21,20-50,,,15.38,-0.42,bearish,-776399,true,one-sided,false,confirmed,2026-07-10T17:59:44.380Z,1.09,3,"{""afternoon"":true,""posgex_noroom"":false,""flow_exhausted"":true,""flow_against"":false,""pin"":true,""breakeven"":false}",1,false,false,false,,"{""executed"":false,""note"":""bear_above_prior_close ($725.52 >= $722.00)"",""unknown_flags"":0}"
2026-07-10T18:00:35.681Z,2026-07-10,SPY,SPY,bear,754.13,BEAR_RUG,2026-07-10T18:01:35.681Z,13:30-15,SPY260710P00754000,SPY260710P00754000,2026-07-10,754,put,0.435,0.43,0.44,other,2.3,,,positive,2,<20,,,15.37,-0.43,bearish,-3804534,true,one-sided,false,confirmed,2026-07-10T18:01:45.363Z,0.455,4,"{""afternoon"":true,""posgex_noroom"":true,""flow_exhausted"":true,""flow_against"":false,""pin"":true,""breakeven"":false}",0,false,false,false,,"{""executed"":false,""note"":""bear_above_prior_close ($754.13 >= $750.85)"",""unknown_flags"":0}"
2026-07-10T18:01:35.684Z,2026-07-10,SPY,SPY,bull,754.0550000000001,BULL_REVERSE,2026-07-10T18:02:35.684Z,13:30-15,SPY260710C00754000,SPY260710C00754000,2026-07-10,754,call,0.525,0.52,0.53,good_0.5-2,1.9,,,positive,26,20-50,,,15.38,-0.42,bearish,-3774323,false,one-sided,false,not_confirmed,2026-07-10T18:02:44.797Z,0.525,4,"{""afternoon"":true,""posgex_noroom"":false,""flow_exhausted"":true,""flow_against"":true,""pin"":true,""breakeven"":false}",1,false,false,false,,"{""executed"":true,""note"":{""note"":""ok"",""execution_status"":""executed"",""bull_tape_gate_pass"":true},""unknown_flags"":0}"
2026-07-10T18:16:35.709Z,2026-07-10,QQQ,QQQ,bull,725.53,BULL_REVERSE,2026-07-10T18:17:35.709Z,13:30-15,QQQ260710C00726000,QQQ260710C00726000,2026-07-10,726,call,0.51,0.5,0.52,good_0.5-2,3.9,,,positive,27,20-50,,,15.35,-0.45,bearish,-384116,false,mixed,false,not_confirmed,2026-07-10T18:17:43.020Z,0.505,3,"{""afternoon"":true,""posgex_noroom"":false,""flow_exhausted"":false,""flow_against"":true,""pin"":true,""breakeven"":false}",1,false,false,false,,"{""executed"":true,""note"":{""note"":""ok"",""execution_status"":""executed"",""bull_tape_gate_pass"":true},""unknown_flags"":0}"
2026-07-10T18:38:35.728Z,2026-07-10,SPXW,SPX,bear,7569.63,BEAR_RUG,2026-07-10T18:39:35.728Z,13:30-15,SPXW260710P07570000,SPXW260710P07570000,2026-07-10,7570,put,3.6500000000000004,3.6,3.7,bad_2-10,2.7,,,positive,6,<20,,,15.27,-0.53,bearish,-729175,true,one-sided,false,not_confirmed,2026-07-10T18:39:42.591Z,3.45,4,"{""afternoon"":true,""posgex_noroom"":true,""flow_exhausted"":true,""flow_against"":false,""pin"":true,""breakeven"":false}",0,false,false,false,,"{""executed"":false,""note"":""bear_above_prior_close ($7569.63 >= $7535.48)"",""unknown_flags"":0}"
2026-07-10T18:39:35.729Z,2026-07-10,QQQ,QQQ,bear,725.51,BEAR_RUG,2026-07-10T18:40:35.729Z,13:30-15,QQQ260710P00726000,QQQ260710P00726000,2026-07-10,726,put,0.925,0.92,0.93,good_0.5-2,1.1,,,positive,21,20-50,,,15.27,-0.53,bullish,517858,false,mixed,false,not_confirmed,2026-07-10T18:40:45.354Z,0.835,3,"{""afternoon"":true,""posgex_noroom"":false,""flow_exhausted"":false,""flow_against"":true,""pin"":true,""breakeven"":false}",1,false,false,false,,"{""executed"":false,""note"":""bear_above_prior_close ($725.51 >= $722.00)"",""unknown_flags"":0}"
2026-07-10T18:51:35.745Z,2026-07-10,SPY,SPY,bear,754.51,BEAR_RUG,2026-07-10T18:52:35.745Z,13:30-15,SPY260710P00755000,SPY260710P00755000,2026-07-10,755,put,0.73,0.72,0.74,good_0.5-2,2.7,,,positive,7,<20,,,15.27,-0.53,bearish,-1565136,true,mixed,false,not_confirmed,2026-07-10T18:52:45.314Z,0.705,3,"{""afternoon"":true,""posgex_noroom"":true,""flow_exhausted"":false,""flow_against"":false,""pin"":true,""breakeven"":false}",2,false,false,false,,"{""executed"":false,""note"":""bear_above_prior_close ($754.51 >= $750.85)"",""unknown_flags"":0}"
2026-07-10T19:01:35.761Z,2026-07-10,SPY,SPY,bull,754.66,BULL_REVERSE,2026-07-10T19:02:35.761Z,15+,SPY260710C00755000,SPY260710C00755000,2026-07-10,755,call,0.245,0.24,0.25,other,4.1,,,positive,18,<20,,,15.23,-0.57,bearish,-1126392,false,one-sided,false,not_confirmed,2026-07-10T19:02:43.461Z,0.235,4,"{""afternoon"":false,""posgex_noroom"":true,""flow_exhausted"":true,""flow_against"":true,""pin"":true,""breakeven"":false}",0,false,false,false,,"{""executed"":true,""note"":{""note"":""ok"",""execution_status"":""executed"",""bull_tape_gate_pass"":true},""unknown_flags"":0}"
2026-07-10T19:10:35.772Z,2026-07-10,QQQ,QQQ,bull,725.715,BULL_REVERSE,2026-07-10T19:11:35.772Z,15+,QQQ260710C00726000,QQQ260710C00726000,2026-07-10,726,call,0.41000000000000003,0.4,0.42,other,4.9,,,positive,25,20-50,,,15.24,-0.56,bearish,-1589413,false,mixed,false,confirmed,2026-07-10T19:11:42.885Z,0.415,2,"{""afternoon"":false,""posgex_noroom"":false,""flow_exhausted"":false,""flow_against"":true,""pin"":true,""breakeven"":false}",0,false,false,false,,"{""executed"":true,""note"":{""note"":""ok"",""execution_status"":""executed"",""bull_tape_gate_pass"":true},""unknown_flags"":0}"
2026-07-10T19:11:35.773Z,2026-07-10,QQQ,QQQ,bear,725.745,BEAR_RUG,2026-07-10T19:12:35.773Z,15+,QQQ260710P00726000,QQQ260710P00726000,2026-07-10,726,put,0.695,0.69,0.7,good_0.5-2,1.4,,,positive,24,20-50,,,15.24,-0.56,bearish,-1234297,true,mixed,false,not_confirmed,2026-07-10T19:12:44.612Z,0.66,1,"{""afternoon"":false,""posgex_noroom"":false,""flow_exhausted"":false,""flow_against"":false,""pin"":true,""breakeven"":false}",2,false,true,false,,"{""executed"":false,""note"":""bear_above_prior_close ($725.75 >= $722.00)"",""unknown_flags"":0}"
2026-07-10T19:28:35.820Z,2026-07-10,SPY,SPY,bear,754.99,BEAR_RUG,2026-07-10T19:29:35.820Z,15+,SPY260710P00755000,SPY260710P00755000,2026-07-10,755,put,0.365,0.36,0.37,other,2.7,,,positive,13,<20,,,15.25,-0.55,bullish,151760,false,mixed,false,not_confirmed,2026-07-10T19:29:44.289Z,0.355,3,"{""afternoon"":false,""posgex_noroom"":true,""flow_exhausted"":false,""flow_against"":true,""pin"":true,""breakeven"":false}",0,false,false,false,,"{""executed"":false,""note"":""after_15:15_ET"",""unknown_flags"":0}"
2026-07-10T19:42:35.842Z,2026-07-10,QQQ,QQQ,bull,725.98,BULL_REVERSE,2026-07-10T19:43:35.842Z,15+,QQQ260710C00726000,QQQ260710C00726000,2026-07-10,726,call,0.375,0.37,0.38,other,2.7,,,positive,21,20-50,,,15.14,-0.66,bullish,48879,true,mixed,false,not_confirmed,2026-07-10T19:43:42.702Z,0.375,0,"{""afternoon"":false,""posgex_noroom"":false,""flow_exhausted"":false,""flow_against"":false,""pin"":false,""breakeven"":false}",2,true,true,false,,"{""executed"":false,""note"":""after_15:15_ET"",""unknown_flags"":0}"
2026-07-10T19:43:35.843Z,2026-07-10,QQQ,QQQ,bear,726.105,BEAR_RUG,2026-07-10T19:44:35.843Z,15+,QQQ260710P00726000,QQQ260710P00726000,2026-07-10,726,put,0.305,0.3,0.31,other,3.3,,,positive,29,20-50,,,15.13,-0.67,bearish,-34054,true,mixed,false,confirmed,2026-07-10T19:44:43.927Z,0.405,0,"{""afternoon"":false,""posgex_noroom"":false,""flow_exhausted"":false,""flow_against"":false,""pin"":false,""breakeven"":false}",2,true,true,true,,"{""executed"":false,""note"":""after_15:15_ET"",""unknown_flags"":0}"
2026-07-10T19:44:35.844Z,2026-07-10,SPY,SPY,bull,755.055,BULL_REVERSE,2026-07-10T19:45:35.844Z,15+,SPY260710C00755000,SPY260710C00755000,2026-07-10,755,call,0.265,0.26,0.27,other,3.8,,,positive,13,<20,,,15.08,-0.72,bullish,1340534,true,mixed,false,confirmed,2026-07-10T19:45:45.386Z,0.28500000000000003,2,"{""afternoon"":false,""posgex_noroom"":true,""flow_exhausted"":false,""flow_against"":false,""pin"":true,""breakeven"":false}",1,false,false,false,,"{""executed"":false,""note"":""after_15:15_ET"",""unknown_flags"":0}"
2026-07-10T19:59:35.860Z,2026-07-10,SPXW,SPX,bear,7573.12,BEAR_RUG,2026-07-10T20:00:35.860Z,15+,SPXW260710P07575000,SPXW260710P07575000,2026-07-10,7575,put,1.025,0.95,1.1,good_0.5-2,14.6,,,positive,4,<20,,,15.04,-0.76,bearish,-1268007,true,mixed,false,not_confirmed,2026-07-10T20:00:43.513Z,0.4,2,"{""afternoon"":false,""posgex_noroom"":true,""flow_exhausted"":false,""flow_against"":false,""pin"":true,""breakeven"":false}",2,false,false,false,,"{""executed"":false,""note"":""after_15:15_ET"",""unknown_flags"":0}"
2026-07-13T13:50:00.148Z,2026-07-13,QQQ,QQQ,bear,714.69,BEAR_RUG,2026-07-13T13:51:00.148Z,9:30-10,QQQ260713P00715000,QQQ260713P00715000,2026-07-13,715,put,2.4299999999999997,2.42,2.44,bad_2-10,0.8,,,positive,66,50-100(sweet),,,16.24,0,bullish,6405682,false,mixed,false,confirmed,2026-07-13T13:51:06.732Z,2.6100000000000003,2,"{""afternoon"":false,""posgex_noroom"":false,""flow_exhausted"":false,""flow_against"":true,""pin"":false,""breakeven"":true}",1,false,false,false,,"{""executed"":false,""note"":""bear_above_session_open ($714.69 >= $714.69)"",""unknown_flags"":0}"
2026-07-13T13:57:00.233Z,2026-07-13,SPY,SPY,bull,752.745,BULL_REVERSE,2026-07-13T13:58:00.233Z,9:30-10,SPY260713C00753000,SPY260713C00753000,2026-07-13,753,call,1.0950000000000002,1.09,1.1,good_0.5-2,0.9,,,positive,17,<20,,,16.21,-0.03,bearish,-1362868,false,one-sided,false,confirmed,2026-07-13T13:58:07.176Z,1.275,4,"{""afternoon"":false,""posgex_noroom"":true,""flow_exhausted"":true,""flow_against"":true,""pin"":true,""breakeven"":false}",1,false,false,false,,"{""executed"":true,""note"":{""note"":""ok"",""execution_status"":""executed"",""bull_tape_gate_pass"":false,""bull_tape_gate_reason"":""SPY_QQQ_SPX_BELOW_PRIOR_CLOSE""},""unknown_flags"":0}"
2026-07-13T14:11:00.280Z,2026-07-13,SPXW,SPX,bear,7556.63,BEAR_CONTINUE,2026-07-13T14:12:00.280Z,10-11,SPXW260713P07555000,SPXW260713P07555000,2026-07-13,7555,put,10.25,10.2,10.3,other,1,,,positive,9,<20,,,16.12,-0.12,bullish,2230700,false,one-sided,false,confirmed,2026-07-13T14:12:07.120Z,11.55,3,"{""afternoon"":false,""posgex_noroom"":true,""flow_exhausted"":true,""flow_against"":true,""pin"":false,""breakeven"":false}",0,false,false,false,,"{""executed"":true,""note"":""ok"",""unknown_flags"":0}"
2026-07-13T14:17:00.082Z,2026-07-13,SPY,SPY,bear,751.505,BEAR_RUG,2026-07-13T14:18:00.082Z,10-11,SPY260713P00752000,SPY260713P00752000,2026-07-13,752,put,1.61,1.6,1.62,good_0.5-2,1.2,,,positive,7,<20,,,16.14,-0.1,bearish,-9316785,true,one-sided,false,confirmed,2026-07-13T14:18:06.880Z,1.725,3,"{""afternoon"":false,""posgex_noroom"":true,""flow_exhausted"":true,""flow_against"":false,""pin"":true,""breakeven"":false}",1,false,false,false,,"{""executed"":true,""note"":""ok"",""unknown_flags"":0}"
2026-07-13T14:25:00.107Z,2026-07-13,SPXW,SPX,bear,7553.57,BEAR_RUG,2026-07-13T14:26:00.107Z,10-11,SPXW260713P07555000,SPXW260713P07555000,2026-07-13,7555,put,12.75,12.7,12.8,other,0.8,,,positive,5,<20,,,16.3,0.06,bullish,1745251,false,mixed,false,not_confirmed,2026-07-13T14:26:07.830Z,12.75,2,"{""afternoon"":false,""posgex_noroom"":true,""flow_exhausted"":false,""flow_against"":true,""pin"":false,""breakeven"":false}",0,false,false,false,,"{""executed"":true,""note"":""ok"",""unknown_flags"":0}"
2026-07-13T14:31:00.291Z,2026-07-13,SPY,SPY,bull,752.975,BULL_REVERSE,2026-07-13T14:32:00.291Z,10-11,SPY260713C00753000,SPY260713C00753000,2026-07-13,753,call,1.105,1.1,1.11,good_0.5-2,0.9,,,positive,14,<20,,,16.26,0.02,bullish,378622,true,mixed,false,not_confirmed,2026-07-13T14:32:08.262Z,0.995,1,"{""afternoon"":false,""posgex_noroom"":true,""flow_exhausted"":false,""flow_against"":false,""pin"":false,""breakeven"":false}",2,false,true,false,,"{""executed"":true,""note"":{""note"":""ok"",""execution_status"":""executed"",""bull_tape_gate_pass"":false,""bull_tape_gate_reason"":""SPY_QQQ_SPX_BELOW_PRIOR_CLOSE""},""unknown_flags"":0}"
2026-07-13T14:37:00.314Z,2026-07-13,QQQ,QQQ,bear,716.9100000000001,BEAR_RUG,2026-07-13T14:38:00.314Z,10-11,QQQ260713P00717000,QQQ260713P00717000,2026-07-13,717,put,1.9,1.89,1.91,good_0.5-2,1.1,,,positive,41,20-50,,,16.36,0.12,bearish,-2847787,true,mixed,false,not_confirmed,2026-07-13T14:38:08.215Z,1.8250000000000002,0,"{""afternoon"":false,""posgex_noroom"":false,""flow_exhausted"":false,""flow_against"":false,""pin"":false,""breakeven"":false}",3,true,true,false,,"{""executed"":true,""note"":""ok"",""unknown_flags"":0}"
2026-07-13T14:40:00.323Z,2026-07-13,SPXW,SPX,bull,7548.53,BULL_REVERSE,2026-07-13T14:41:00.323Z,10-11,SPXW260713C07550000,SPXW260713C07550000,2026-07-13,7550,call,9.95,9.9,10,bad_2-10,1,,,positive,2,<20,,,16.35,0.11,bullish,10075436,true,one-sided,true,not_confirmed,2026-07-13T14:41:07.121Z,8.850000000000001,2,"{""afternoon"":false,""posgex_noroom"":true,""flow_exhausted"":true,""flow_against"":false,""pin"":false,""breakeven"":false}",0,false,false,false,,"{""executed"":true,""note"":{""note"":""ok"",""execution_status"":""executed"",""bull_tape_gate_pass"":false,""bull_tape_gate_reason"":""SPY_QQQ_SPX_BELOW_PRIOR_CLOSE""},""unknown_flags"":0}"
2026-07-13T14:58:00.335Z,2026-07-13,SPXW,SPX,bear,7549.96,BEAR_RUG,2026-07-13T14:59:00.335Z,10-11,SPXW260713P07550000,SPXW260713P07550000,2026-07-13,7550,put,10.75,10.7,10.8,other,0.9,,,positive,13,<20,,,16.27,0.03,bearish,-40377419,true,one-sided,false,not_confirmed,2026-07-13T14:59:07.692Z,10.149999999999999,2,"{""afternoon"":false,""posgex_noroom"":true,""flow_exhausted"":true,""flow_against"":false,""pin"":false,""breakeven"":false}",0,false,false,false,,"{""executed"":true,""note"":""ok"",""unknown_flags"":0}"
2026-07-13T15:03:00.342Z,2026-07-13,QQQ,QQQ,bull,718.25,BULL_REVERSE,2026-07-13T15:04:00.342Z,11-12,QQQ260713C00718000,QQQ260713C00718000,2026-07-13,718,call,1.725,1.72,1.73,good_0.5-2,0.6,,,positive,24,20-50,,,16.18,-0.06,bullish,512099,true,mixed,false,not_confirmed,2026-07-13T15:04:07.574Z,1.7149999999999999,1,"{""afternoon"":false,""posgex_noroom"":false,""flow_exhausted"":false,""flow_against"":false,""pin"":true,""breakeven"":false}",2,false,true,false,,"{""executed"":true,""note"":{""note"":""ok"",""execution_status"":""executed"",""bull_tape_gate_pass"":false,""bull_tape_gate_reason"":""SPY_QQQ_SPX_BELOW_PRIOR_CLOSE""},""unknown_flags"":0}"
2026-07-13T15:10:00.355Z,2026-07-13,QQQ,QQQ,bear,717.24,BEAR_RUG,2026-07-13T15:11:00.355Z,11-12,QQQ260713P00717000,QQQ260713P00717000,2026-07-13,717,put,1.49,1.48,1.5,good_0.5-2,1.3,,,positive,45,20-50,,,16.21,-0.03,bearish,-663543,true,mixed,false,not_confirmed,2026-07-13T15:11:08.016Z,1.27,0,"{""afternoon"":false,""posgex_noroom"":false,""flow_exhausted"":false,""flow_against"":false,""pin"":false,""breakeven"":false}",3,true,true,false,,"{""executed"":true,""note"":""ok"",""unknown_flags"":0}"
2026-07-13T15:36:00.404Z,2026-07-13,SPXW,SPX,bull,7545.52,BULL_REVERSE,2026-07-13T15:37:00.404Z,11-12,SPXW260713C07545000,SPXW260713C07545000,2026-07-13,7545,call,9.4,9.3,9.5,bad_2-10,2.1,,,positive,6,<20,,,16.2,-0.04,bearish,-5740996,false,one-sided,false,confirmed,2026-07-13T15:37:06.538Z,9.55,3,"{""afternoon"":false,""posgex_noroom"":true,""flow_exhausted"":true,""flow_against"":true,""pin"":false,""breakeven"":false}",0,false,false,false,,"{""executed"":true,""note"":{""note"":""ok"",""execution_status"":""executed"",""bull_tape_gate_pass"":false,""bull_tape_gate_reason"":""SPY_QQQ_SPX_BELOW_PRIOR_CLOSE""},""unknown_flags"":0}"
2026-07-13T15:38:00.406Z,2026-07-13,SPXW,SPX,bear,7548.73,BEAR_RUG,2026-07-13T15:39:00.406Z,11-12,SPXW260713P07550000,SPXW260713P07550000,2026-07-13,7550,put,9.75,9.7,9.8,bad_2-10,1,,,positive,12,<20,,,16.18,-0.06,bearish,-10713246,true,mixed,false,confirmed,2026-07-13T15:39:07.734Z,10.350000000000001,1,"{""afternoon"":false,""posgex_noroom"":true,""flow_exhausted"":false,""flow_against"":false,""pin"":false,""breakeven"":false}",1,false,true,false,,"{""executed"":true,""note"":""ok"",""unknown_flags"":0}"
2026-07-13T17:09:43.206Z,2026-07-13,SPXW,SPX,bear,7529.9,BEAR_RUG,2026-07-13T17:10:43.206Z,lunch,SPXW260713P07530000,SPXW260713P07530000,2026-07-13,7530,put,8.149999999999999,8.1,8.2,bad_2-10,1.2,,,positive,20,<20,,,16.6,0,bullish,1118750,false,one-sided,false,not_confirmed,2026-07-13T17:10:50.185Z,8,3,"{""afternoon"":false,""posgex_noroom"":true,""flow_exhausted"":true,""flow_against"":true,""pin"":false,""breakeven"":false}",0,false,false,false,,"{""executed"":false,""note"":""bear_above_session_open ($7529.90 >= $7529.90)"",""unknown_flags"":0}"
2026-07-13T17:09:43.206Z,2026-07-13,SPY,SPY,bear,750.44,BEAR_RUG,2026-07-13T17:10:43.206Z,lunch,SPY260713P00750000,SPY260713P00750000,2026-07-13,750,put,0.725,0.72,0.73,good_0.5-2,1.4,,,positive,33,20-50,,,16.6,0,bullish,1249673,false,mixed,false,not_confirmed,2026-07-13T17:10:50.625Z,0.705,2,"{""afternoon"":false,""posgex_noroom"":false,""flow_exhausted"":false,""flow_against"":true,""pin"":true,""breakeven"":false}",1,false,false,false,,"{""executed"":false,""note"":""bear_above_session_open ($750.44 >= $750.44)"",""unknown_flags"":0}"
2026-07-13T17:09:43.206Z,2026-07-13,QQQ,QQQ,bear,714.21,BEAR_RUG,2026-07-13T17:10:43.206Z,lunch,QQQ260713P00714000,QQQ260713P00714000,2026-07-13,714,put,1.165,1.16,1.17,good_0.5-2,0.9,,,positive,3,<20,,,16.6,0,bullish,2187520,false,mixed,false,confirmed,2026-07-13T17:10:50.789Z,1.18,3,"{""afternoon"":false,""posgex_noroom"":true,""flow_exhausted"":false,""flow_against"":true,""pin"":true,""breakeven"":false}",1,false,false,false,,"{""executed"":false,""note"":""bear_above_session_open ($714.21 >= $714.21)"",""unknown_flags"":0}"
2026-07-13T17:11:43.240Z,2026-07-13,QQQ,QQQ,bull,713.965,BULL_REVERSE,2026-07-13T17:12:43.240Z,lunch,QQQ260713C00714000,QQQ260713C00714000,2026-07-13,714,call,1.2650000000000001,1.26,1.27,good_0.5-2,0.8,,,positive,0,<20,,,16.58,-0.02,bullish,1878395,true,mixed,false,not_confirmed,2026-07-13T17:12:51.639Z,1.245,2,"{""afternoon"":false,""posgex_noroom"":true,""flow_exhausted"":false,""flow_against"":false,""pin"":true,""breakeven"":false}",2,false,false,false,,"{""executed"":true,""note"":{""note"":""ok"",""execution_status"":""executed"",""bull_tape_gate_pass"":false,""bull_tape_gate_reason"":""SPY_QQQ_SPX_BELOW_PRIOR_CLOSE""},""unknown_flags"":0}"
2026-07-13T17:48:43.211Z,2026-07-13,QQQ,QQQ,bear,712.59,BEAR_RUG,2026-07-13T17:49:43.211Z,13:30-15,QQQ260713P00713000,QQQ260713P00713000,2026-07-13,713,put,1.3250000000000002,1.32,1.33,good_0.5-2,0.8,,,positive,64,50-100(sweet),,,16.69,0.09,bearish,-3753556,true,one-sided,false,confirmed,2026-07-13T17:49:52.865Z,1.4449999999999998,3,"{""afternoon"":true,""posgex_noroom"":false,""flow_exhausted"":true,""flow_against"":false,""pin"":true,""breakeven"":false}",2,false,false,false,,"{""executed"":true,""note"":""ok"",""unknown_flags"":0}"
2026-07-13T17:52:43.208Z,2026-07-13,SPXW,SPX,bear,7519.76,BEAR_RUG,2026-07-13T17:53:43.208Z,13:30-15,SPXW260713P07520000,SPXW260713P07520000,2026-07-13,7520,put,7.55,7.5,7.6,bad_2-10,1.3,,,positive,6,<20,,,16.82,0.22,bearish,-2628759,true,mixed,false,confirmed,2026-07-13T17:53:50.585Z,8.25,2,"{""afternoon"":true,""posgex_noroom"":true,""flow_exhausted"":false,""flow_against"":false,""pin"":false,""breakeven"":false}",1,false,false,false,,"{""executed"":true,""note"":""ok"",""unknown_flags"":0}"
2026-07-13T19:12:43.536Z,2026-07-13,SPY,SPY,bear,749.215,BEAR_RUG,2026-07-13T19:13:43.536Z,15+,SPY260713P00749000,SPY260713P00749000,2026-07-13,749,put,0.505,0.5,0.51,good_0.5-2,2,,,positive,3,<20,,,17.1,0.5,bearish,-1560711,true,one-sided,false,not_confirmed,2026-07-13T19:13:51.935Z,0.505,3,"{""afternoon"":false,""posgex_noroom"":true,""flow_exhausted"":true,""flow_against"":false,""pin"":true,""breakeven"":false}",1,false,false,false,,"{""executed"":true,""note"":""ok"",""unknown_flags"":0}"
2026-07-13T19:21:43.560Z,2026-07-13,QQQ,QQQ,bear,711.275,BEAR_RUG,2026-07-13T19:22:43.560Z,15+,QQQ260713P00711000,QQQ260713P00711000,2026-07-13,711,put,0.605,0.6,0.61,good_0.5-2,1.7,,,positive,32,20-50,,,17.12,0.52,bearish,-19946,true,mixed,false,confirmed,2026-07-13T19:22:53.606Z,0.625,0,"{""afternoon"":false,""posgex_noroom"":false,""flow_exhausted"":false,""flow_against"":false,""pin"":false,""breakeven"":false}",3,true,true,true,,"{""executed"":false,""note"":""after_15:15_ET"",""unknown_flags"":0}"
2026-07-13T19:23:43.562Z,2026-07-13,SPXW,SPX,bull,7512.97,BULL_REVERSE,2026-07-13T19:24:43.562Z,15+,SPXW260713C07515000,SPXW260713C07515000,2026-07-13,7515,call,4.55,4.5,4.6,bad_2-10,2.2,,,positive,3,<20,,,17.2,0.6,bearish,-9338007,false,mixed,false,confirmed,2026-07-13T19:24:51.701Z,4.699999999999999,3,"{""afternoon"":false,""posgex_noroom"":true,""flow_exhausted"":false,""flow_against"":true,""pin"":true,""breakeven"":false}",0,false,false,false,,"{""executed"":false,""note"":""after_15:15_ET"",""unknown_flags"":0}"
2026-07-13T19:29:43.575Z,2026-07-13,SPY,SPY,bear,748.385,BEAR_CONTINUE,2026-07-13T19:30:43.575Z,15+,SPY260713P00748000,SPY260713P00748000,2026-07-13,748,put,0.415,0.41,0.42,other,2.4,,,positive,19,<20,,,17.35,0.75,bearish,-2591599,true,mixed,false,not_confirmed,2026-07-13T19:30:51.777Z,0.305,2,"{""afternoon"":false,""posgex_noroom"":true,""flow_exhausted"":false,""flow_against"":false,""pin"":true,""breakeven"":false}",1,false,false,false,,"{""executed"":false,""note"":""after_15:15_ET"",""unknown_flags"":0}"
2026-07-13T19:34:43.586Z,2026-07-13,SPXW,SPX,bear,7510.6,BEAR_RUG,2026-07-13T19:35:43.586Z,15+,SPXW260713P07510000,SPXW260713P07510000,2026-07-13,7510,put,3.7,3.6,3.8,bad_2-10,5.4,,,positive,14,<20,,,17.29,0.69,bullish,19390683,false,mixed,false,confirmed,2026-07-13T19:35:51.646Z,4.65,3,"{""afternoon"":false,""posgex_noroom"":true,""flow_exhausted"":false,""flow_against"":true,""pin"":true,""breakeven"":false}",0,false,false,false,,"{""executed"":false,""note"":""after_15:15_ET"",""unknown_flags"":0}"
2026-07-13T19:51:43.637Z,2026-07-13,SPY,SPY,bear,749.23,BEAR_RUG,2026-07-13T19:52:43.637Z,15+,SPY260713P00749000,SPY260713P00749000,2026-07-13,749,put,0.325,0.32,0.33,other,3.1,,,positive,30,20-50,,,17.15,0.55,bearish,-691171,true,mixed,false,not_confirmed,2026-07-13T19:52:52.534Z,0.255,1,"{""afternoon"":false,""posgex_noroom"":false,""flow_exhausted"":false,""flow_against"":false,""pin"":true,""breakeven"":false}",1,false,true,false,,"{""executed"":false,""note"":""after_15:15_ET"",""unknown_flags"":0}"
2026-07-13T19:59:43.664Z,2026-07-13,SPXW,SPX,bull,7515.84,BULL_REVERSE,2026-07-13T20:00:43.664Z,15+,SPXW260713C07515000,SPXW260713C07515000,2026-07-13,7515,call,1.55,1.3,1.8,good_0.5-2,32.3,,,positive,6,<20,,,17.05,0.45,bullish,7350547,true,one-sided,true,not_confirmed,2026-07-13T20:00:52.548Z,0.975,3,"{""afternoon"":false,""posgex_noroom"":true,""flow_exhausted"":true,""flow_against"":false,""pin"":true,""breakeven"":false}",1,false,false,false,,"{""executed"":false,""note"":""after_15:15_ET"",""unknown_flags"":0}"
2026-07-14T13:30:56.816Z,2026-07-14,SPXW,SPX,bull,7530.18,BULL_REVERSE,2026-07-14T13:31:56.816Z,9:30-10,SPXW260714C07530000,SPXW260714C07530000,2026-07-14,7530,call,20.1,20,20.2,other,1,,,neutral,93,50-100(sweet),,,16.72,0,bullish,744609,true,one-sided,false,not_confirmed,2026-07-14T13:32:04.907Z,18.200000000000003,1,"{""afternoon"":false,""posgex_noroom"":false,""flow_exhausted"":true,""flow_against"":false,""pin"":false,""breakeven"":false}",2,false,true,false,,"{""executed"":true,""note"":{""note"":""ok"",""execution_status"":""executed"",""bull_tape_gate_pass"":""unknown"",""bull_tape_gate_missing_data"":true},""unknown_flags"":0}"
2026-07-14T13:30:56.816Z,2026-07-14,SPY,SPY,bear,750.635,BEAR_RUG,2026-07-14T13:31:56.816Z,9:30-10,SPY260714P00751000,SPY260714P00751000,2026-07-14,751,put,2.01,2,2.02,bad_2-10,1,,,positive,75,50-100(sweet),,,16.72,0,bearish,-3233436,true,one-sided,false,confirmed,2026-07-14T13:32:05.444Z,2.275,1,"{""afternoon"":false,""posgex_noroom"":false,""flow_exhausted"":true,""flow_against"":false,""pin"":false,""breakeven"":false}",1,false,true,false,,"{""executed"":false,""note"":""bear_above_session_open ($750.63 >= $750.63)"",""unknown_flags"":0}"
2026-07-14T13:31:56.817Z,2026-07-14,QQQ,QQQ,bear,718.5799999999999,BEAR_RUG,2026-07-14T13:32:56.817Z,9:30-10,QQQ260714P00719000,QQQ260714P00719000,2026-07-14,719,put,3.175,3.17,3.18,bad_2-10,0.3,,,negative,64,50-100(sweet),,,16.89,0.17,bearish,-186871,true,mixed,false,not_confirmed,2026-07-14T13:33:05.739Z,3.0549999999999997,1,"{""afternoon"":false,""posgex_noroom"":false,""flow_exhausted"":false,""flow_against"":false,""pin"":false,""breakeven"":true}",3,false,true,false,,"{""executed"":false,""note"":""bear_above_prior_close ($718.58 >= $711.93)"",""unknown_flags"":0}"
2026-07-14T13:38:56.850Z,2026-07-14,SPXW,SPX,bear,7531.55,BEAR_RUG,2026-07-14T13:39:56.850Z,9:30-10,SPXW260714P07530000,SPXW260714P07530000,2026-07-14,7530,put,13.850000000000001,13.8,13.9,other,0.7,,,positive,42,20-50,,,16.71,-0.01,bullish,11162708,false,mixed,false,confirmed,2026-07-14T13:40:03.279Z,14.5,1,"{""afternoon"":false,""posgex_noroom"":false,""flow_exhausted"":false,""flow_against"":true,""pin"":false,""breakeven"":false}",0,false,true,false,,"{""executed"":false,""note"":""bear_above_prior_close ($7531.55 >= $7517.22)"",""unknown_flags"":0}"
2026-07-14T13:45:56.857Z,2026-07-14,QQQ,QQQ,bull,719.905,BULL_REVERSE,2026-07-14T13:46:56.857Z,9:30-10,QQQ260714C00720000,QQQ260714C00720000,2026-07-14,720,call,2.45,2.44,2.46,bad_2-10,0.8,,,positive,85,50-100(sweet),,,16.48,-0.24,bullish,240965,true,one-sided,false,not_confirmed,2026-07-14T13:47:04.403Z,2.0549999999999997,2,"{""afternoon"":false,""posgex_noroom"":false,""flow_exhausted"":true,""flow_against"":false,""pin"":false,""breakeven"":true}",1,false,false,false,,"{""executed"":true,""note"":{""note"":""ok"",""execution_status"":""executed"",""bull_tape_gate_pass"":true},""unknown_flags"":0}"
2026-07-14T14:01:56.877Z,2026-07-14,QQQ,QQQ,bear,718.4200000000001,BEAR_RUG,2026-07-14T14:02:56.877Z,10-11,QQQ260714P00718000,QQQ260714P00718000,2026-07-14,718,put,2.26,2.25,2.27,bad_2-10,0.9,,,positive,6,<20,,,16.48,-0.24,bullish,4579588,false,mixed,false,confirmed,2026-07-14T14:03:03.707Z,2.41,3,"{""afternoon"":false,""posgex_noroom"":true,""flow_exhausted"":false,""flow_against"":true,""pin"":false,""breakeven"":true}",0,false,false,false,,"{""executed"":false,""note"":""bear_above_prior_close ($718.42 >= $711.93)"",""unknown_flags"":0}"
2026-07-14T14:46:56.947Z,2026-07-14,QQQ,QQQ,bear,717.515,BEAR_RUG,2026-07-14T14:47:56.947Z,10-11,QQQ260714P00718000,QQQ260714P00718000,2026-07-14,718,put,2.315,2.3,2.33,bad_2-10,1.3,,,positive,7,<20,,,16.46,-0.26,bearish,-2097477,true,mixed,false,confirmed,2026-07-14T14:48:03.812Z,2.325,2,"{""afternoon"":false,""posgex_noroom"":true,""flow_exhausted"":false,""flow_against"":false,""pin"":false,""breakeven"":true}",1,false,false,false,,"{""executed"":false,""note"":""bear_above_prior_close ($717.51 >= $711.93)"",""unknown_flags"":0}"
2026-07-14T15:48:57.013Z,2026-07-14,SPY,SPY,bear,751.88,BEAR_RUG,2026-07-14T15:49:57.013Z,11-12,SPY260714P00752000,SPY260714P00752000,2026-07-14,752,put,1.1150000000000002,1.11,1.12,good_0.5-2,0.9,,,positive,65,50-100(sweet),,,16.41,-0.31,bearish,-761294,true,one-sided,false,confirmed,2026-07-14T15:50:04.358Z,1.225,2,"{""afternoon"":false,""posgex_noroom"":false,""flow_exhausted"":true,""flow_against"":false,""pin"":true,""breakeven"":false}",2,false,false,false,,"{""executed"":false,""note"":""bear_above_prior_close ($751.88 >= $749.11)"",""unknown_flags"":0}"
2026-07-14T15:51:57.016Z,2026-07-14,SPXW,SPX,bull,7537.79,BULL_REVERSE,2026-07-14T15:52:57.016Z,11-12,SPXW260714C07540000,SPXW260714C07540000,2026-07-14,7540,call,9.350000000000001,9.3,9.4,bad_2-10,1.1,,,neutral,63,50-100(sweet),,,16.53,-0.19,bearish,-3338260,false,mixed,false,not_confirmed,2026-07-14T15:53:04.666Z,9.1,1,"{""afternoon"":false,""posgex_noroom"":false,""flow_exhausted"":false,""flow_against"":true,""pin"":false,""breakeven"":false}",2,false,true,false,,"{""executed"":true,""note"":{""note"":""ok"",""execution_status"":""executed"",""bull_tape_gate_pass"":true},""unknown_flags"":0}"
2026-07-14T15:51:57.016Z,2026-07-14,QQQ,QQQ,bull,719.89,BULL_REVERSE,2026-07-14T15:52:57.016Z,11-12,QQQ260714C00720000,QQQ260714C00720000,2026-07-14,720,call,1.57,1.56,1.58,good_0.5-2,1.3,,,positive,43,20-50,,,16.53,-0.19,bearish,-2083262,false,mixed,false,not_confirmed,2026-07-14T15:53:05.954Z,1.4,1,"{""afternoon"":false,""posgex_noroom"":false,""flow_exhausted"":false,""flow_against"":true,""pin"":false,""breakeven"":false}",1,false,true,false,,"{""executed"":true,""note"":{""note"":""ok"",""execution_status"":""executed"",""bull_tape_gate_pass"":true},""unknown_flags"":0}"
2026-07-14T15:52:57.017Z,2026-07-14,QQQ,QQQ,bear,719.585,BEAR_TRAPDOOR,2026-07-14T15:53:57.017Z,11-12,QQQ260714P00720000,QQQ260714P00720000,2026-07-14,720,put,1.83,1.82,1.84,good_0.5-2,1.1,,,positive,8,<20,,,16.57,-0.15,bearish,-3252358,true,one-sided,false,not_confirmed,2026-07-14T15:54:04.400Z,1.66,2,"{""afternoon"":false,""posgex_noroom"":true,""flow_exhausted"":true,""flow_against"":false,""pin"":false,""breakeven"":false}",1,false,false,false,,"{""executed"":false,""note"":""bear_above_prior_close ($719.59 >= $711.93)"",""unknown_flags"":0}"
2026-07-14T16:00:57.028Z,2026-07-14,QQQ,QQQ,bear,718.835,BEAR_RUG,2026-07-14T16:01:57.028Z,lunch,QQQ260714P00719000,QQQ260714P00719000,2026-07-14,719,put,1.73,1.72,1.74,good_0.5-2,1.2,,,positive,12,<20,,,16.63,-0.09,bearish,-668982,true,mixed,false,confirmed,2026-07-14T16:02:04.958Z,1.9449999999999998,1,"{""afternoon"":false,""posgex_noroom"":true,""flow_exhausted"":false,""flow_against"":false,""pin"":false,""breakeven"":false}",2,false,true,false,,"{""executed"":false,""note"":""bear_above_prior_close ($718.84 >= $711.93)"",""unknown_flags"":0}"
2026-07-14T16:38:57.095Z,2026-07-14,SPXW,SPX,bear,7539.38,BEAR_RUG,2026-07-14T16:39:57.095Z,lunch,SPXW260714P07540000,SPXW260714P07540000,2026-07-14,7540,put,9.649999999999999,9.6,9.7,bad_2-10,1,,,neutral,26,20-50,,,16.56,-0.16,bearish,-12966516,true,mixed,false,confirmed,2026-07-14T16:40:05.086Z,9.75,0,"{""afternoon"":false,""posgex_noroom"":false,""flow_exhausted"":false,""flow_against"":false,""pin"":false,""breakeven"":false}",3,true,true,true,,"{""executed"":false,""note"":""bear_above_prior_close ($7539.38 >= $7517.22)"",""unknown_flags"":0}"
2026-07-14T16:43:57.102Z,2026-07-14,SPXW,SPX,bull,7543.52,BULL_REVERSE,2026-07-14T16:44:57.102Z,lunch,SPXW260714C07545000,SPXW260714C07545000,2026-07-14,7545,call,7.15,7.1,7.2,bad_2-10,1.4,,,neutral,28,20-50,,,16.46,-0.26,bearish,-4894272,false,one-sided,false,not_confirmed,2026-07-14T16:45:04.287Z,6.35,2,"{""afternoon"":false,""posgex_noroom"":false,""flow_exhausted"":true,""flow_against"":true,""pin"":false,""breakeven"":false}",1,false,false,false,,"{""executed"":true,""note"":{""note"":""ok"",""execution_status"":""executed"",""bull_tape_gate_pass"":true},""unknown_flags"":0}"
2026-07-14T17:17:57.140Z,2026-07-14,SPXW,SPX,bull,7543.77,BULL_REVERSE,2026-07-14T17:18:57.140Z,lunch,SPXW260714C07545000,SPXW260714C07545000,2026-07-14,7545,call,6.45,6.4,6.5,bad_2-10,1.6,,,neutral,28,20-50,,,16.51,-0.21,bearish,-3446007,false,one-sided,false,confirmed,2026-07-14T17:19:04.813Z,7.25,2,"{""afternoon"":false,""posgex_noroom"":false,""flow_exhausted"":true,""flow_against"":true,""pin"":false,""breakeven"":false}",1,false,false,false,,"{""executed"":true,""note"":{""note"":""ok"",""execution_status"":""executed"",""bull_tape_gate_pass"":true},""unknown_flags"":0}"
2026-07-14T17:18:57.141Z,2026-07-14,SPXW,SPX,bear,7545.27,BEAR_RUG,2026-07-14T17:19:57.141Z,lunch,SPXW260714P07545000,SPXW260714P07545000,2026-07-14,7545,put,7.25,7.2,7.3,bad_2-10,1.4,,,neutral,33,20-50,,,16.48,-0.24,bearish,-1955392,true,one-sided,false,not_confirmed,2026-07-14T17:20:03.919Z,6.25,1,"{""afternoon"":false,""posgex_noroom"":false,""flow_exhausted"":true,""flow_against"":false,""pin"":false,""breakeven"":false}",1,false,true,false,,"{""executed"":false,""note"":""bear_above_prior_close ($7545.27 >= $7517.22)"",""unknown_flags"":0}"
2026-07-14T17:43:57.157Z,2026-07-14,QQQ,QQQ,bear,721.23,BEAR_RUG,2026-07-14T17:44:57.157Z,13:30-15,QQQ260714P00721000,QQQ260714P00721000,2026-07-14,721,put,0.855,0.85,0.86,good_0.5-2,1.2,,,positive,31,20-50,,,16.48,-0.24,bullish,27381,false,mixed,false,confirmed,2026-07-14T17:45:04.854Z,0.91,3,"{""afternoon"":true,""posgex_noroom"":false,""flow_exhausted"":false,""flow_against"":true,""pin"":true,""breakeven"":false}",1,false,false,false,,"{""executed"":false,""note"":""bear_above_prior_close ($721.23 >= $711.93)"",""unknown_flags"":0}"
2026-07-14T18:41:57.274Z,2026-07-14,QQQ,QQQ,bear,720.655,BEAR_RUG,2026-07-14T18:42:57.274Z,13:30-15,QQQ260714P00721000,QQQ260714P00721000,2026-07-14,721,put,0.945,0.94,0.95,good_0.5-2,1.1,,,positive,9,<20,,,16.41,-0.31,bearish,-1055178,true,mixed,false,not_confirmed,2026-07-14T18:43:05.674Z,0.925,3,"{""afternoon"":true,""posgex_noroom"":true,""flow_exhausted"":false,""flow_against"":false,""pin"":true,""breakeven"":false}",2,false,false,false,,"{""executed"":false,""note"":""bear_above_prior_close ($720.65 >= $711.93)"",""unknown_flags"":0}"
2026-07-14T19:11:57.330Z,2026-07-14,QQQ,QQQ,bull,719.99,BULL_REVERSE,2026-07-14T19:12:57.330Z,15+,QQQ260714C00720000,QQQ260714C00720000,2026-07-14,720,call,0.635,0.63,0.64,good_0.5-2,1.6,,,positive,0,<20,,,16.45,-0.27,bearish,-5675835,false,one-sided,false,confirmed,2026-07-14T19:13:05.674Z,0.755,4,"{""afternoon"":false,""posgex_noroom"":true,""flow_exhausted"":true,""flow_against"":true,""pin"":true,""breakeven"":false}",1,false,false,false,,"{""executed"":true,""note"":{""note"":""ok"",""execution_status"":""executed"",""bull_tape_gate_pass"":true},""unknown_flags"":0}"
2026-07-14T19:12:57.331Z,2026-07-14,QQQ,QQQ,bear,720.265,BEAR_RUG,2026-07-14T19:13:57.331Z,15+,QQQ260714P00720000,QQQ260714P00720000,2026-07-14,720,put,0.495,0.49,0.5,other,2,,,positive,4,<20,,,16.44,-0.28,bearish,-6073425,true,one-sided,false,not_confirmed,2026-07-14T19:14:06.044Z,0.405,3,"{""afternoon"":false,""posgex_noroom"":true,""flow_exhausted"":true,""flow_against"":false,""pin"":true,""breakeven"":false}",0,false,false,false,,"{""executed"":false,""note"":""bear_above_prior_close ($720.26 >= $711.93)"",""unknown_flags"":0}"
2026-07-14T19:42:57.371Z,2026-07-14,QQQ,QQQ,bear,720.0799999999999,BEAR_RUG,2026-07-14T19:43:57.371Z,15+,QQQ260714P00720000,QQQ260714P00720000,2026-07-14,720,put,0.36,0.35,0.37,other,5.6,,,positive,1,<20,,,16.44,-0.28,bearish,-117281,true,mixed,false,not_confirmed,2026-07-14T19:44:05.366Z,0.265,2,"{""afternoon"":false,""posgex_noroom"":true,""flow_exhausted"":false,""flow_against"":false,""pin"":true,""breakeven"":false}",1,false,false,false,,"{""executed"":false,""note"":""after_15:15_ET"",""unknown_flags"":0}"
2026-07-14T19:59:57.384Z,2026-07-14,SPY,SPY,bear,751.9,BEAR_RUG,2026-07-14T20:00:57.384Z,15+,SPY260714P00752000,SPY260714P00752000,2026-07-14,752,put,0.185,0.18,0.19,other,5.4,,,positive,25,20-50,,,16.38,-0.34,bearish,-620566,true,mixed,false,confirmed,2026-07-14T20:01:06.717Z,0.28,0,"{""afternoon"":false,""posgex_noroom"":false,""flow_exhausted"":false,""flow_against"":false,""pin"":false,""breakeven"":false}",2,true,true,true,,"{""executed"":false,""note"":""after_15:15_ET"",""unknown_flags"":0}"
2026-07-15T13:30:11.426Z,2026-07-15,SPXW,SPX,bull,7570.87,BULL_REVERSE,2026-07-15T13:31:11.426Z,9:30-10,SPXW260715C07570000,SPXW260715C07570000,2026-07-15,7570,call,14.45,14.4,14.5,other,0.7,,,negative,12,<20,,,16.17,0,bullish,1596163,true,one-sided,false,confirmed,2026-07-15T13:31:27.847Z,14.75,1,"{""afternoon"":false,""posgex_noroom"":false,""flow_exhausted"":true,""flow_against"":false,""pin"":false,""breakeven"":false}",1,false,true,false,,"{""executed"":true,""note"":{""note"":""ok"",""execution_status"":""executed"",""bull_tape_gate_pass"":true},""unknown_flags"":0}"
2026-07-15T13:33:11.427Z,2026-07-15,SPXW,SPX,bear,7573.84,BEAR_RUG,2026-07-15T13:34:11.427Z,9:30-10,SPXW260715P07575000,SPXW260715P07575000,2026-07-15,7575,put,13.4,13.3,13.5,other,1.5,,,neutral,18,<20,,,16.05,-0.12,bearish,-4368691,true,mixed,false,not_confirmed,2026-07-15T13:34:26.423Z,12.1,0,"{""afternoon"":false,""posgex_noroom"":false,""flow_exhausted"":false,""flow_against"":false,""pin"":false,""breakeven"":false}",3,true,true,false,,"{""executed"":false,""note"":""bear_above_prior_close ($7573.84 >= $7546.52)"",""unknown_flags"":0}"
2026-07-15T13:38:11.426Z,2026-07-15,QQQ,QQQ,bear,721.69,BEAR_RUG,2026-07-15T13:39:11.426Z,9:30-10,QQQ260715P00722000,QQQ260715P00722000,2026-07-15,722,put,2.4850000000000003,2.48,2.49,bad_2-10,0.4,,,positive,51,50-100(sweet),,,16.07,-0.1,bearish,-2786566,true,mixed,false,not_confirmed,2026-07-15T13:39:29.153Z,2.275,1,"{""afternoon"":false,""posgex_noroom"":false,""flow_exhausted"":false,""flow_against"":false,""pin"":false,""breakeven"":true}",2,false,true,false,,"{""executed"":false,""note"":""bear_above_prior_close ($721.69 >= $720.10)"",""unknown_flags"":0}"
2026-07-15T16:14:58.560Z,2026-07-15,SPXW,SPX,bear,7537.34,BEAR_RUG,2026-07-15T16:15:58.560Z,lunch,SPXW260715P07535000,SPXW260715P07535000,2026-07-15,7535,put,9,8.9,9.1,bad_2-10,2.2,,,positive,30,20-50,,,16.4,0.23,bullish,48942093,false,one-sided,true,not_confirmed,2026-07-15T16:16:06.506Z,8.850000000000001,2,"{""afternoon"":false,""posgex_noroom"":false,""flow_exhausted"":true,""flow_against"":true,""pin"":false,""breakeven"":false}",0,false,false,false,,"{""executed"":true,""note"":""ok"",""unknown_flags"":0}"
2026-07-15T16:34:58.594Z,2026-07-15,QQQ,QQQ,bull,711.155,BULL_REVERSE,2026-07-15T16:35:58.594Z,lunch,QQQ260715C00711000,QQQ260715C00711000,2026-07-15,711,call,1.7650000000000001,1.76,1.77,good_0.5-2,0.6,,,positive,12,<20,,,16.48,0.31,bullish,2072846,true,mixed,false,not_confirmed,2026-07-15T16:36:06.748Z,1.5950000000000002,1,"{""afternoon"":false,""posgex_noroom"":true,""flow_exhausted"":false,""flow_against"":false,""pin"":false,""breakeven"":false}",2,false,true,false,,"{""executed"":false,""note"":{""note"":""bull_tape_gate (SPY_QQQ_SPX_BELOW_PRIOR_CLOSE)"",""execution_status"":""gate_blocked"",""blocked_by"":""bull_tape_gate"",""bull_tape_gate_pass"":false,""bull_tape_gate_reason"":""SPY_QQQ_SPX_BELOW_PRIOR_CLOSE""},""unknown_flags"":0}"
2026-07-15T16:41:58.578Z,2026-07-15,QQQ,QQQ,bear,710.84,BEAR_RUG,2026-07-15T16:42:58.578Z,lunch,QQQ260715P00711000,QQQ260715P00711000,2026-07-15,711,put,1.685,1.68,1.69,good_0.5-2,0.6,,,positive,54,50-100(sweet),,,16.5,0.33,bearish,-2605789,true,mixed,false,not_confirmed,2026-07-15T16:43:07.658Z,1.59,0,"{""afternoon"":false,""posgex_noroom"":false,""flow_exhausted"":false,""flow_against"":false,""pin"":false,""breakeven"":false}",4,true,true,false,,"{""executed"":true,""note"":""ok"",""unknown_flags"":0}"
2026-07-15T17:30:58.642Z,2026-07-15,SPXW,SPX,bull,7555.31,BULL_REVERSE,2026-07-15T17:31:58.642Z,13:30-15,SPXW260715C07555000,SPXW260715C07555000,2026-07-15,7555,call,6.45,6.4,6.5,bad_2-10,1.6,,,positive,6,<20,,,15.94,-0.23,bearish,-24482631,false,mixed,false,confirmed,2026-07-15T17:32:06.074Z,6.65,3,"{""afternoon"":true,""posgex_noroom"":true,""flow_exhausted"":false,""flow_against"":true,""pin"":false,""breakeven"":false}",0,false,false,false,,"{""executed"":true,""note"":{""note"":""ok"",""execution_status"":""executed"",""bull_tape_gate_pass"":true},""unknown_flags"":0}"
2026-07-15T17:46:58.671Z,2026-07-15,SPXW,SPX,bear,7563.09,BEAR_RUG,2026-07-15T17:47:58.671Z,13:30-15,SPXW260715P07565000,SPXW260715P07565000,2026-07-15,7565,put,6.9,6.8,7,bad_2-10,2.9,,,positive,11,<20,,,15.79,-0.38,bearish,-3797980,true,mixed,false,not_confirmed,2026-07-15T17:48:08.024Z,6.35,2,"{""afternoon"":true,""posgex_noroom"":true,""flow_exhausted"":false,""flow_against"":false,""pin"":false,""breakeven"":false}",1,false,false,false,,"{""executed"":false,""note"":""bear_above_prior_close ($7563.09 >= $7546.52)"",""unknown_flags"":0}"
2026-07-15T17:50:58.663Z,2026-07-15,QQQ,QQQ,bear,716.955,BEAR_RUG,2026-07-15T17:51:58.663Z,13:30-15,QQQ260715P00717000,QQQ260715P00717000,2026-07-15,717,put,1.1,1.09,1.11,good_0.5-2,1.8,,,positive,13,<20,,,15.77,-0.4,bullish,4452222,false,mixed,false,not_confirmed,2026-07-15T17:52:08.668Z,1.085,3,"{""afternoon"":true,""posgex_noroom"":true,""flow_exhausted"":false,""flow_against"":true,""pin"":false,""breakeven"":false}",1,false,false,false,,"{""executed"":true,""note"":""ok"",""unknown_flags"":0}"
2026-07-15T18:04:58.676Z,2026-07-15,QQQ,QQQ,bull,717.565,BULL_REVERSE,2026-07-15T18:05:58.676Z,13:30-15,QQQ260715C00718000,QQQ260715C00718000,2026-07-15,718,call,0.845,0.84,0.85,good_0.5-2,1.2,,,positive,6,<20,,,15.75,-0.42,bearish,-2898023,false,mixed,false,confirmed,2026-07-15T18:06:07.040Z,0.97,4,"{""afternoon"":true,""posgex_noroom"":true,""flow_exhausted"":false,""flow_against"":true,""pin"":true,""breakeven"":false}",1,false,false,false,,"{""executed"":true,""note"":{""note"":""ok"",""execution_status"":""executed"",""bull_tape_gate_pass"":true},""unknown_flags"":0}"
2026-07-15T18:21:58.706Z,2026-07-15,QQQ,QQQ,bear,718.255,BEAR_RUG,2026-07-15T18:22:58.706Z,13:30-15,QQQ260715P00718000,QQQ260715P00718000,2026-07-15,718,put,0.795,0.79,0.8,good_0.5-2,1.3,,,positive,17,<20,,,15.69,-0.48,bullish,3431593,false,mixed,false,not_confirmed,2026-07-15T18:23:07.702Z,0.78,4,"{""afternoon"":true,""posgex_noroom"":true,""flow_exhausted"":false,""flow_against"":true,""pin"":true,""breakeven"":false}",1,false,false,false,,"{""executed"":true,""note"":""ok"",""unknown_flags"":0}"
2026-07-15T18:36:58.722Z,2026-07-15,QQQ,QQQ,bear,717.655,BEAR_TRAPDOOR,2026-07-15T18:37:58.722Z,13:30-15,QQQ260715P00718000,QQQ260715P00718000,2026-07-15,718,put,1.01,1,1.02,good_0.5-2,2,,,positive,9,<20,,,15.73,-0.44,bearish,-1776010,true,mixed,false,confirmed,2026-07-15T18:38:06.824Z,1.04,3,"{""afternoon"":true,""posgex_noroom"":true,""flow_exhausted"":false,""flow_against"":false,""pin"":true,""breakeven"":false}",2,false,false,false,,"{""executed"":true,""note"":""ok"",""unknown_flags"":0}"
2026-07-15T18:51:58.742Z,2026-07-15,SPXW,SPX,bull,7558.6,BULL_REVERSE,2026-07-15T18:52:58.742Z,13:30-15,SPXW260715C07560000,SPXW260715C07560000,2026-07-15,7560,call,5.199999999999999,5.1,5.3,bad_2-10,3.8,,,positive,2,<20,,,15.92,-0.25,bullish,20510666,true,one-sided,false,not_confirmed,2026-07-15T18:53:06.268Z,5.05,3,"{""afternoon"":true,""posgex_noroom"":true,""flow_exhausted"":true,""flow_against"":false,""pin"":false,""breakeven"":false}",0,false,false,false,,"{""executed"":true,""note"":{""note"":""ok"",""execution_status"":""executed"",""bull_tape_gate_pass"":true},""unknown_flags"":0}"
2026-07-15T18:52:58.719Z,2026-07-15,SPXW,SPX,bear,7559.48,BEAR_RUG,2026-07-15T18:53:58.719Z,13:30-15,SPXW260715P07560000,SPXW260715P07560000,2026-07-15,7560,put,5.699999999999999,5.6,5.8,bad_2-10,3.5,,,positive,13,<20,,,15.91,-0.26,bullish,20715118,false,one-sided,false,confirmed,2026-07-15T18:54:06.611Z,6.65,4,"{""afternoon"":true,""posgex_noroom"":true,""flow_exhausted"":true,""flow_against"":true,""pin"":false,""breakeven"":false}",0,false,false,false,,"{""executed"":false,""note"":""bear_above_prior_close ($7559.48 >= $7546.52)"",""unknown_flags"":0}"
2026-07-15T19:24:58.815Z,2026-07-15,SPXW,SPX,bull,7558.39,BULL_REVERSE,2026-07-15T19:25:58.815Z,15+,SPXW260715C07560000,SPXW260715C07560000,2026-07-15,7560,call,3.6500000000000004,3.6,3.7,bad_2-10,2.7,,,positive,22,20-50,,,15.83,-0.34,bullish,14045890,true,one-sided,false,not_confirmed,2026-07-15T19:26:07.878Z,3.45,2,"{""afternoon"":false,""posgex_noroom"":false,""flow_exhausted"":true,""flow_against"":false,""pin"":true,""breakeven"":false}",0,false,false,false,,"{""executed"":false,""note"":""after_15:15_ET"",""unknown_flags"":0}"
2026-07-15T19:26:58.820Z,2026-07-15,SPXW,SPX,bear,7559.46,BEAR_RUG,2026-07-15T19:27:58.820Z,15+,SPXW260715P07560000,SPXW260715P07560000,2026-07-15,7560,put,3.75,3.7,3.8,bad_2-10,2.7,,,positive,13,<20,,,15.82,-0.35,bullish,8872928,false,one-sided,false,not_confirmed,2026-07-15T19:28:07.209Z,2.75,4,"{""afternoon"":false,""posgex_noroom"":true,""flow_exhausted"":true,""flow_against"":true,""pin"":true,""breakeven"":false}",0,false,false,false,,"{""executed"":false,""note"":""after_15:15_ET"",""unknown_flags"":0}"
2026-07-15T19:46:58.861Z,2026-07-15,QQQ,QQQ,bear,716.795,BEAR_RUG,2026-07-15T19:47:58.861Z,15+,QQQ260715P00717000,QQQ260715P00717000,2026-07-15,717,put,0.66,0.65,0.67,good_0.5-2,3,,,positive,11,<20,,,15.74,-0.43,bullish,312892,false,mixed,false,confirmed,2026-07-15T19:48:07.464Z,0.72,3,"{""afternoon"":false,""posgex_noroom"":true,""flow_exhausted"":false,""flow_against"":true,""pin"":true,""breakeven"":false}",1,false,false,false,,"{""executed"":false,""note"":""after_15:15_ET"",""unknown_flags"":0}"
2026-07-15T19:58:58.884Z,2026-07-15,SPY,SPY,bear,754.575,BEAR_RUG,2026-07-15T19:59:58.884Z,15+,SPY260715P00755000,SPY260715P00755000,2026-07-15,755,put,0.575,0.56,0.59,good_0.5-2,5.2,,,positive,34,20-50,,,15.67,-0.5,bullish,5294090,false,mixed,false,not_confirmed,2026-07-15T20:00:08.887Z,0.475,2,"{""afternoon"":false,""posgex_noroom"":false,""flow_exhausted"":false,""flow_against"":true,""pin"":true,""breakeven"":false}",1,false,false,false,,"{""executed"":false,""note"":""after_15:15_ET"",""unknown_flags"":0}"
2026-07-16T13:30:45.265Z,2026-07-16,SPXW,SPX,bear,7559.57,BEAR_RUG,2026-07-16T13:31:45.265Z,9:30-10,SPXW260716P07560000,SPXW260716P07560000,2026-07-16,7560,put,15.1,15,15.2,other,1.3,,,neutral,26,20-50,,,16.17,0,bearish,-1129919,true,one-sided,false,not_confirmed,2026-07-16T13:31:51.856Z,14.05,1,"{""afternoon"":false,""posgex_noroom"":false,""flow_exhausted"":true,""flow_against"":false,""pin"":false,""breakeven"":false}",1,false,true,false,,"{""executed"":false,""note"":""bear_above_session_open ($7559.57 >= $7559.57)"",""unknown_flags"":0}"
2026-07-16T13:30:45.265Z,2026-07-16,SPY,SPY,bear,753.375,BEAR_RUG,2026-07-16T13:31:45.265Z,9:30-10,SPY260716P00753000,SPY260716P00753000,2026-07-16,753,put,1.36,1.35,1.37,good_0.5-2,1.5,,,positive,98,50-100(sweet),,,16.17,0,bearish,-607850,true,one-sided,false,not_confirmed,2026-07-16T13:31:52.758Z,1.3,2,"{""afternoon"":false,""posgex_noroom"":false,""flow_exhausted"":true,""flow_against"":false,""pin"":true,""breakeven"":false}",2,false,false,false,,"{""executed"":false,""note"":""bear_above_session_open ($753.38 >= $753.38)"",""unknown_flags"":0}"
2026-07-16T13:30:45.265Z,2026-07-16,QQQ,QQQ,bear,713.2149999999999,BEAR_RUG,2026-07-16T13:31:45.265Z,9:30-10,QQQ260716P00713000,QQQ260716P00713000,2026-07-16,713,put,2.78,2.76,2.8,bad_2-10,1.4,,,negative,31,20-50,,,16.17,0,bearish,-906095,true,one-sided,false,not_confirmed,2026-07-16T13:31:53.314Z,2.6,2,"{""afternoon"":false,""posgex_noroom"":false,""flow_exhausted"":true,""flow_against"":false,""pin"":false,""breakeven"":true}",1,false,false,false,,"{""executed"":false,""note"":""bear_above_session_open ($713.21 >= $713.21)"",""unknown_flags"":0}"
2026-07-16T13:42:27.127Z,2026-07-16,SPXW,SPX,bear,7537.19,BEAR_CONTINUE,2026-07-16T13:43:27.127Z,9:30-10,SPXW260716P07535000,SPXW260716P07535000,2026-07-16,7535,put,13.75,13.7,13.8,other,0.7,,,positive,63,50-100(sweet),,,16.39,0,bullish,27543829,false,one-sided,false,not_confirmed,2026-07-16T13:43:37.469Z,13.25,2,"{""afternoon"":false,""posgex_noroom"":false,""flow_exhausted"":true,""flow_against"":true,""pin"":false,""breakeven"":false}",1,false,false,false,,"{""executed"":true,""note"":""ok"",""unknown_flags"":0}"
2026-07-16T13:43:27.126Z,2026-07-16,SPXW,SPX,bull,7538.5,BULL_REVERSE,2026-07-16T13:44:27.126Z,9:30-10,SPXW260716C07540000,SPXW260716C07540000,2026-07-16,7540,call,15.55,15.5,15.6,other,0.6,,,positive,2,<20,,,16.44,0.05,bullish,15145556,true,mixed,false,not_confirmed,2026-07-16T13:44:34.476Z,15.3,1,"{""afternoon"":false,""posgex_noroom"":true,""flow_exhausted"":false,""flow_against"":false,""pin"":false,""breakeven"":false}",1,false,true,false,,"{""executed"":false,""note"":{""note"":""bull_tape_gate (SPY_QQQ_SPX_BELOW_PRIOR_CLOSE)"",""execution_status"":""gate_blocked"",""blocked_by"":""bull_tape_gate"",""bull_tape_gate_pass"":false,""bull_tape_gate_reason"":""SPY_QQQ_SPX_BELOW_PRIOR_CLOSE""},""unknown_flags"":0}"
2026-07-16T13:43:45.186Z,2026-07-16,SPXW,SPX,bull,7538.8,BULL_REVERSE,2026-07-16T13:44:45.186Z,9:30-10,SPXW260716C07540000,SPXW260716C07540000,2026-07-16,7540,call,15.649999999999999,15.6,15.7,other,0.6,,,positive,2,<20,,,16.39,0.22,bullish,16273167,true,mixed,false,not_confirmed,2026-07-16T13:44:53.463Z,14.6,1,"{""afternoon"":false,""posgex_noroom"":true,""flow_exhausted"":false,""flow_against"":false,""pin"":false,""breakeven"":false}",1,false,true,false,,"{""executed"":false,""note"":{""note"":""bull_tape_gate (SPY_QQQ_SPX_BELOW_PRIOR_CLOSE)"",""execution_status"":""gate_blocked"",""blocked_by"":""bull_tape_gate"",""bull_tape_gate_pass"":false,""bull_tape_gate_reason"":""SPY_QQQ_SPX_BELOW_PRIOR_CLOSE""},""unknown_flags"":0}"
2026-07-16T13:47:27.124Z,2026-07-16,SPXW,SPX,bear,7540.1,BEAR_RUG,2026-07-16T13:48:27.124Z,9:30-10,SPXW260716P07540000,SPXW260716P07540000,2026-07-16,7540,put,14,13.9,14.1,other,1.4,,,positive,0,<20,,,16.41,0.02,bullish,8837835,false,one-sided,false,confirmed,2026-07-16T13:48:34.534Z,19.200000000000003,3,"{""afternoon"":false,""posgex_noroom"":true,""flow_exhausted"":true,""flow_against"":true,""pin"":false,""breakeven"":false}",0,false,false,false,,"{""executed"":true,""note"":""ok"",""unknown_flags"":0}"
2026-07-16T19:12:09.061Z,2026-07-16,SPXW,SPX,bear,7521.85,BEAR_RUG,2026-07-16T19:13:09.061Z,15+,SPXW260716P07520000,SPXW260716P07520000,2026-07-16,7520,put,4.75,4.7,4.8,bad_2-10,2.1,,,positive,9,<20,,,16.85,0,bearish,-7325982,true,one-sided,false,confirmed,2026-07-16T19:13:16.314Z,4.85,2,"{""afternoon"":false,""posgex_noroom"":true,""flow_exhausted"":true,""flow_against"":false,""pin"":false,""breakeven"":false}",0,false,false,false,,"{""executed"":false,""note"":""bear_above_session_open ($7521.85 >= $7521.85)"",""unknown_flags"":0}"
2026-07-16T19:46:09.106Z,2026-07-16,QQQ,QQQ,bull,703.2850000000001,BULL_REVERSE,2026-07-16T19:47:09.106Z,15+,QQQ260716C00703000,QQQ260716C00703000,2026-07-16,703,call,1.05,1.04,1.06,good_0.5-2,1.9,,,positive,53,50-100(sweet),,,17.08,0.23,bearish,-19158403,false,one-sided,false,not_confirmed,2026-07-16T19:47:18.177Z,0.94,2,"{""afternoon"":false,""posgex_noroom"":false,""flow_exhausted"":true,""flow_against"":true,""pin"":false,""breakeven"":false}",2,false,false,false,,"{""executed"":false,""note"":""after_15:15_ET"",""unknown_flags"":0}"
2026-07-16T19:48:09.109Z,2026-07-16,QQQ,QQQ,bear,702.665,BEAR_TRAPDOOR,2026-07-16T19:49:09.109Z,15+,QQQ260716P00703000,QQQ260716P00703000,2026-07-16,703,put,1.01,1,1.02,good_0.5-2,2,,,positive,9,<20,,,17.14,0.29,bearish,-5042696,true,one-sided,false,confirmed,2026-07-16T19:49:18.925Z,1.025,2,"{""afternoon"":false,""posgex_noroom"":true,""flow_exhausted"":true,""flow_against"":false,""pin"":false,""breakeven"":false}",1,false,false,false,,"{""executed"":false,""note"":""after_15:15_ET"",""unknown_flags"":0}"
2026-07-16T19:53:09.057Z,2026-07-16,QQQ,QQQ,bear,704.5550000000001,BEAR_RUG,2026-07-16T19:54:09.057Z,15+,QQQ260716P00705000,QQQ260716P00705000,2026-07-16,705,put,0.94,0.93,0.95,good_0.5-2,2.1,,,positive,36,20-50,,,16.84,-0.01,bullish,2922900,false,one-sided,false,not_confirmed,2026-07-16T19:54:18.075Z,0.86,3,"{""afternoon"":false,""posgex_noroom"":false,""flow_exhausted"":true,""flow_against"":true,""pin"":true,""breakeven"":false}",1,false,false,false,,"{""executed"":false,""note"":""after_15:15_ET"",""unknown_flags"":0}"
2026-07-17T13:30:39.564Z,2026-07-17,SPXW,SPX,bear,7443.51,BEAR_RUG,2026-07-17T13:31:39.564Z,9:30-10,SPXW260717P07445000,SPXW260717P07445000,2026-07-17,7445,put,23.15,23.1,23.2,other,0.4,,,negative,25,20-50,,,19.16,0,bearish,-3161464,true,mixed,false,not_confirmed,2026-07-17T13:31:47.656Z,21.05,1,"{""afternoon"":false,""posgex_noroom"":false,""flow_exhausted"":false,""flow_against"":false,""pin"":false,""breakeven"":true}",2,false,true,false,,"{""executed"":false,""note"":""bear_above_session_open ($7443.51 >= $7443.51)"",""unknown_flags"":0}"
2026-07-17T13:57:29.309Z,2026-07-17,QQQ,QQQ,bull,692.3,BULL_REVERSE,2026-07-17T13:58:29.309Z,9:30-10,QQQ260717C00692000,QQQ260717C00692000,2026-07-17,692,call,3.2300000000000004,3.22,3.24,bad_2-10,0.6,,,positive,39,20-50,,,18.46,-0.7,bullish,11525406,true,mixed,false,confirmed,2026-07-17T13:58:38.258Z,3.465,1,"{""afternoon"":false,""posgex_noroom"":false,""flow_exhausted"":false,""flow_against"":false,""pin"":false,""breakeven"":true}",1,false,true,false,,"{""executed"":false,""note"":{""note"":""bull_tape_gate (SPY_QQQ_SPX_BELOW_PRIOR_CLOSE)"",""execution_status"":""gate_blocked"",""blocked_by"":""bull_tape_gate"",""bull_tape_gate_pass"":false,""bull_tape_gate_reason"":""SPY_QQQ_SPX_BELOW_PRIOR_CLOSE""},""unknown_flags"":0}"
2026-07-17T14:06:29.315Z,2026-07-17,SPY,SPY,bear,746.175,BEAR_RUG,2026-07-17T14:07:29.315Z,10-11,SPY260717P00746000,SPY260717P00746000,2026-07-17,746,put,1.725,1.72,1.73,good_0.5-2,0.6,,,positive,16,<20,,,18.1,-1.06,bullish,1718831,false,mixed,false,confirmed,2026-07-17T14:07:36.805Z,1.78,2,"{""afternoon"":false,""posgex_noroom"":true,""flow_exhausted"":false,""flow_against"":true,""pin"":false,""breakeven"":false}",1,false,false,false,,"{""executed"":true,""note"":""ok"",""unknown_flags"":0}"
2026-07-17T14:06:29.315Z,2026-07-17,QQQ,QQQ,bear,696.26,BEAR_RUG,2026-07-17T14:07:29.315Z,10-11,QQQ260717P00696000,QQQ260717P00696000,2026-07-17,696,put,2.8,2.79,2.81,bad_2-10,0.7,,,positive,90,50-100(sweet),,,18.1,-1.06,bearish,-591166,true,one-sided,false,confirmed,2026-07-17T14:07:36.820Z,2.96,2,"{""afternoon"":false,""posgex_noroom"":false,""flow_exhausted"":true,""flow_against"":false,""pin"":false,""breakeven"":true}",1,false,false,false,,"{""executed"":true,""note"":""ok"",""unknown_flags"":0}"
2026-07-17T14:33:29.289Z,2026-07-17,SPXW,SPX,bear,7481.41,BEAR_RUG,2026-07-17T14:34:29.289Z,10-11,SPXW260717P07480000,SPXW260717P07480000,2026-07-17,7480,put,15.6,15.5,15.7,other,1.3,,,negative,109,>100,,,18.24,-0.92,bullish,837863,false,mixed,false,not_confirmed,2026-07-17T14:34:36.609Z,12.8,1,"{""afternoon"":false,""posgex_noroom"":false,""flow_exhausted"":false,""flow_against"":true,""pin"":false,""breakeven"":false}",1,false,true,false,,"{""executed"":true,""note"":""ok"",""unknown_flags"":0}"
2026-07-17T14:40:29.313Z,2026-07-17,QQQ,QQQ,bull,698.0799999999999,BULL_REVERSE,2026-07-17T14:41:29.313Z,10-11,QQQ260717C00698000,QQQ260717C00698000,2026-07-17,698,call,2.8049999999999997,2.8,2.81,bad_2-10,0.4,,,positive,242,>100,,,18.07,-1.09,bullish,3616078,true,mixed,false,not_confirmed,2026-07-17T14:41:36.897Z,2.71,1,"{""afternoon"":false,""posgex_noroom"":false,""flow_exhausted"":false,""flow_against"":false,""pin"":false,""breakeven"":true}",1,false,true,false,,"{""executed"":false,""note"":{""note"":""bull_tape_gate (SPY_QQQ_SPX_BELOW_PRIOR_CLOSE)"",""execution_status"":""gate_blocked"",""blocked_by"":""bull_tape_gate"",""bull_tape_gate_pass"":false,""bull_tape_gate_reason"":""SPY_QQQ_SPX_BELOW_PRIOR_CLOSE""},""unknown_flags"":0}"
2026-07-17T14:41:29.315Z,2026-07-17,QQQ,QQQ,bear,697.73,BEAR_RUG,2026-07-17T14:42:29.315Z,10-11,QQQ260717P00698000,QQQ260717P00698000,2026-07-17,698,put,2.8449999999999998,2.84,2.85,bad_2-10,0.4,,,positive,111,>100,,,18.1,-1.06,bullish,1026553,false,mixed,false,not_confirmed,2026-07-17T14:42:37.503Z,2.815,2,"{""afternoon"":false,""posgex_noroom"":false,""flow_exhausted"":false,""flow_against"":true,""pin"":false,""breakeven"":true}",0,false,false,false,,"{""executed"":true,""note"":""ok"",""unknown_flags"":0}"
2026-07-17T14:47:29.318Z,2026-07-17,SPY,SPY,bear,746.45,BEAR_RUG,2026-07-17T14:48:29.318Z,10-11,SPY260717P00746000,SPY260717P00746000,2026-07-17,746,put,1.455,1.45,1.46,good_0.5-2,0.7,,,positive,19,<20,,,18.05,-1.11,bearish,-291670,true,mixed,false,confirmed,2026-07-17T14:48:36.960Z,1.605,1,"{""afternoon"":false,""posgex_noroom"":true,""flow_exhausted"":false,""flow_against"":false,""pin"":false,""breakeven"":false}",2,false,true,false,,"{""executed"":true,""note"":""ok"",""unknown_flags"":0}"
2026-07-17T15:04:29.394Z,2026-07-17,SPXW,SPX,bear,7468.06,BEAR_RUG,2026-07-17T15:05:29.394Z,11-12,SPXW260717P07470000,SPXW260717P07470000,2026-07-17,7470,put,15.75,15.7,15.8,other,0.6,,,negative,91,50-100(sweet),,,18.54,-0.62,bullish,53216218,false,one-sided,true,not_confirmed,2026-07-17T15:05:37.165Z,15.3,2,"{""afternoon"":false,""posgex_noroom"":false,""flow_exhausted"":true,""flow_against"":true,""pin"":false,""breakeven"":false}",2,false,false,false,,"{""executed"":true,""note"":""ok"",""unknown_flags"":0}"
2026-07-17T15:48:23.678Z,2026-07-17,QQQ,QQQ,bull,696.87,BULL_REVERSE,2026-07-17T15:49:23.678Z,11-12,QQQ260717C00697000,QQQ260717C00697000,2026-07-17,697,call,2.01,2,2.02,bad_2-10,1,,,positive,16,<20,,,18.07,-1.09,bullish,400475,true,mixed,false,not_confirmed,2026-07-17T15:49:32.903Z,1.915,1,"{""afternoon"":false,""posgex_noroom"":true,""flow_exhausted"":false,""flow_against"":false,""pin"":false,""breakeven"":false}",1,false,true,false,,"{""executed"":false,""note"":{""note"":""bull_tape_gate (SPY_QQQ_SPX_BELOW_PRIOR_CLOSE)"",""execution_status"":""gate_blocked"",""blocked_by"":""bull_tape_gate"",""bull_tape_gate_pass"":false,""bull_tape_gate_reason"":""SPY_QQQ_SPX_BELOW_PRIOR_CLOSE""},""unknown_flags"":0}"
2026-07-17T15:55:23.675Z,2026-07-17,QQQ,QQQ,bear,698.355,BEAR_RUG,2026-07-17T15:56:23.675Z,11-12,QQQ260717P00698000,QQQ260717P00698000,2026-07-17,698,put,1.81,1.8,1.82,good_0.5-2,1.1,,,positive,120,>100,,,17.91,-1.25,bullish,2330603,false,mixed,false,not_confirmed,2026-07-17T15:56:32.934Z,1.505,1,"{""afternoon"":false,""posgex_noroom"":false,""flow_exhausted"":false,""flow_against"":true,""pin"":false,""breakeven"":false}",1,false,true,false,,"{""executed"":true,""note"":""ok"",""unknown_flags"":0}"
2026-07-17T15:58:23.678Z,2026-07-17,SPY,SPY,bear,746.6,BEAR_RUG,2026-07-17T15:59:23.678Z,11-12,SPY260717P00747000,SPY260717P00747000,2026-07-17,747,put,1.5,1.49,1.51,good_0.5-2,1.3,,,positive,21,20-50,,,17.77,-1.39,bearish,-1478551,true,one-sided,false,not_confirmed,2026-07-17T15:59:31.891Z,1.335,2,"{""afternoon"":false,""posgex_noroom"":false,""flow_exhausted"":true,""flow_against"":false,""pin"":true,""breakeven"":false}",1,false,false,false,,"{""executed"":true,""note"":""ok"",""unknown_flags"":0}"
2026-07-17T16:01:23.681Z,2026-07-17,SPXW,SPX,bear,7489.72,BEAR_RUG,2026-07-17T16:02:23.681Z,lunch,SPXW260717P07490000,SPXW260717P07490000,2026-07-17,7490,put,14.8,14.6,15,other,2.7,,,negative,20,<20,,,17.84,-1.32,bearish,-25202811,true,mixed,false,confirmed,2026-07-17T16:02:31.059Z,15.45,0,"{""afternoon"":false,""posgex_noroom"":false,""flow_exhausted"":false,""flow_against"":false,""pin"":false,""breakeven"":false}",3,true,true,false,,"{""executed"":true,""note"":""ok"",""unknown_flags"":0}"
2026-07-17T16:27:23.734Z,2026-07-17,QQQ,QQQ,bull,699.285,BULL_REVERSE,2026-07-17T16:28:23.734Z,lunch,QQQ260717C00699000,QQQ260717C00699000,2026-07-17,699,call,2.09,2.08,2.1,bad_2-10,1,,,positive,10,<20,,,18.06,-1.1,bearish,-446521,false,mixed,false,confirmed,2026-07-17T16:28:32.352Z,2.255,2,"{""afternoon"":false,""posgex_noroom"":true,""flow_exhausted"":false,""flow_against"":true,""pin"":false,""breakeven"":false}",0,false,false,false,,"{""executed"":false,""note"":{""note"":""bull_tape_gate (SPY_QQQ_SPX_BELOW_PRIOR_CLOSE)"",""execution_status"":""gate_blocked"",""blocked_by"":""bull_tape_gate"",""bull_tape_gate_pass"":false,""bull_tape_gate_reason"":""SPY_QQQ_SPX_BELOW_PRIOR_CLOSE""},""unknown_flags"":0}"
2026-07-17T16:28:23.740Z,2026-07-17,QQQ,QQQ,bear,699.585,BEAR_RUG,2026-07-17T16:29:23.740Z,lunch,QQQ260717P00700000,QQQ260717P00700000,2026-07-17,700,put,2.2,2.19,2.21,bad_2-10,0.9,,,positive,137,>100,,,18.01,-1.15,bullish,1427725,false,mixed,false,confirmed,2026-07-17T16:29:32.595Z,2.335,2,"{""afternoon"":false,""posgex_noroom"":false,""flow_exhausted"":false,""flow_against"":true,""pin"":false,""breakeven"":true}",0,false,false,false,,"{""executed"":true,""note"":""ok"",""unknown_flags"":0}"
2026-07-17T16:40:23.765Z,2026-07-17,SPY,SPY,bear,745.735,BEAR_CONTINUE,2026-07-17T16:41:23.765Z,lunch,SPY260717P00746000,SPY260717P00746000,2026-07-17,746,put,1.35,1.34,1.36,good_0.5-2,1.5,,,positive,10,<20,,,18.14,-1.02,bullish,283340,false,mixed,false,not_confirmed,2026-07-17T16:41:32.631Z,1.315,3,"{""afternoon"":false,""posgex_noroom"":true,""flow_exhausted"":false,""flow_against"":true,""pin"":true,""breakeven"":false}",1,false,false,false,,"{""executed"":true,""note"":""ok"",""unknown_flags"":0}"
2026-07-17T16:56:23.795Z,2026-07-17,SPY,SPY,bear,746.28,BEAR_CONTINUE,2026-07-17T16:57:23.795Z,lunch,SPY260717P00746000,SPY260717P00746000,2026-07-17,746,put,1.065,1.06,1.07,good_0.5-2,0.9,,,positive,17,<20,,,17.96,-1.2,bearish,-3531763,true,mixed,false,not_confirmed,2026-07-17T16:57:37.728Z,1.0550000000000002,2,"{""afternoon"":false,""posgex_noroom"":true,""flow_exhausted"":false,""flow_against"":false,""pin"":true,""breakeven"":false}",2,false,false,false,,"{""executed"":true,""note"":""ok"",""unknown_flags"":0}"
2026-07-17T17:14:23.835Z,2026-07-17,SPY,SPY,bear,746.585,BEAR_CONTINUE,2026-07-17T17:15:23.835Z,lunch,SPY260717P00747000,SPY260717P00747000,2026-07-17,747,put,1.2850000000000001,1.28,1.29,good_0.5-2,0.8,,,positive,21,20-50,,,17.87,-1.29,bearish,-678604,true,mixed,false,confirmed,2026-07-17T17:15:33.083Z,1.36,1,"{""afternoon"":false,""posgex_noroom"":false,""flow_exhausted"":false,""flow_against"":false,""pin"":true,""breakeven"":false}",2,false,true,true,,"{""executed"":true,""note"":""ok"",""unknown_flags"":0}"
2026-07-20T16:02:00.109Z,2026-07-20,SPXW,SPX,bear,7485.27,BEAR_RUG,2026-07-20T16:03:00.109Z,lunch,SPXW260720P07485000,SPXW260720P07485000,2026-07-20,7485,put,9.75,9.7,9.8,bad_2-10,1,,,positive,20,20-50,,,17.69,0,bullish,2461994,false,mixed,false,confirmed,2026-07-20T16:03:06.985Z,11.95,1,"{""afternoon"":false,""posgex_noroom"":false,""flow_exhausted"":false,""flow_against"":true,""pin"":false,""breakeven"":false}",0,false,true,false,,"{""executed"":false,""note"":""bear_above_session_open ($7485.27 >= $7485.27)"",""unknown_flags"":0}"
2026-07-20T16:02:00.109Z,2026-07-20,QQQ,QQQ,bear,702.325,BEAR_RUG,2026-07-20T16:03:00.109Z,lunch,QQQ260720P00702000,QQQ260720P00702000,2026-07-20,702,put,1.43,1.42,1.44,good_0.5-2,1.4,,,positive,19,<20,,,17.69,0,bullish,1466356,false,mixed,false,confirmed,2026-07-20T16:03:07.476Z,1.565,3,"{""afternoon"":false,""posgex_noroom"":true,""flow_exhausted"":false,""flow_against"":true,""pin"":true,""breakeven"":false}",1,false,false,false,,"{""executed"":false,""note"":""bear_above_session_open ($702.33 >= $702.33)"",""unknown_flags"":0}"
2026-07-20T17:06:00.199Z,2026-07-20,SPXW,SPX,bull,7469.61,BULL_REVERSE,2026-07-20T17:07:00.199Z,lunch,SPXW260720C07470000,SPXW260720C07470000,2026-07-20,7470,call,8.95,8.9,9,bad_2-10,1.1,,,positive,1,<20,,,18.05,0.36,bullish,118474,true,mixed,false,not_confirmed,2026-07-20T17:07:08.222Z,8.5,1,"{""afternoon"":false,""posgex_noroom"":true,""flow_exhausted"":false,""flow_against"":false,""pin"":false,""breakeven"":false}",1,false,true,false,,"{""executed"":true,""note"":{""note"":""ok"",""execution_status"":""executed"",""bull_tape_gate_pass"":true},""unknown_flags"":0}"
2026-07-20T17:09:00.203Z,2026-07-20,SPXW,SPX,bear,7468.48,BEAR_RUG,2026-07-20T17:10:00.203Z,lunch,SPXW260720P07470000,SPXW260720P07470000,2026-07-20,7470,put,10.25,10.2,10.3,other,1,,,positive,38,20-50,,,18.08,0.39,bullish,2599549,false,mixed,false,not_confirmed,2026-07-20T17:10:08.912Z,8.350000000000001,1,"{""afternoon"":false,""posgex_noroom"":false,""flow_exhausted"":false,""flow_against"":true,""pin"":false,""breakeven"":false}",0,false,true,false,,"{""executed"":false,""note"":""bear_above_prior_close ($7468.48 >= $7465.49)"",""unknown_flags"":0}"
2026-07-20T17:16:00.224Z,2026-07-20,SPXW,SPX,bear,7462.12,BEAR_CONTINUE,2026-07-20T17:17:00.224Z,lunch,SPXW260720P07460000,SPXW260720P07460000,2026-07-20,7460,put,9.1,9,9.2,bad_2-10,2.2,,,positive,43,20-50,,,18.25,0.56,bullish,4900094,false,one-sided,false,not_confirmed,2026-07-20T17:17:08.754Z,8.649999999999999,2,"{""afternoon"":false,""posgex_noroom"":false,""flow_exhausted"":true,""flow_against"":true,""pin"":false,""breakeven"":false}",0,false,false,false,,"{""executed"":true,""note"":""ok"",""unknown_flags"":0}"
2026-07-20T17:41:00.225Z,2026-07-20,SPXW,SPX,bear,7463.97,BEAR_CONTINUE,2026-07-20T17:42:00.225Z,13:30-15,SPXW260720P07465000,SPXW260720P07465000,2026-07-20,7465,put,9.25,9.2,9.3,bad_2-10,1.1,,,positive,32,20-50,,,18.2,0.51,bullish,9603414,false,mixed,false,not_confirmed,2026-07-20T17:42:07.954Z,9.05,2,"{""afternoon"":true,""posgex_noroom"":false,""flow_exhausted"":false,""flow_against"":true,""pin"":false,""breakeven"":false}",0,false,false,false,,"{""executed"":true,""note"":""ok"",""unknown_flags"":0}"
2026-07-20T17:46:00.228Z,2026-07-20,SPXW,SPX,bear,7467.44,BEAR_RUG,2026-07-20T17:47:00.228Z,13:30-15,SPXW260720P07465000,SPXW260720P07465000,2026-07-20,7465,put,6.95,6.9,7,bad_2-10,1.4,,,positive,37,20-50,,,18.15,0.46,bullish,920175,false,one-sided,false,confirmed,2026-07-20T17:47:08.262Z,7.35,3,"{""afternoon"":true,""posgex_noroom"":false,""flow_exhausted"":true,""flow_against"":true,""pin"":false,""breakeven"":false}",0,false,false,false,,"{""executed"":false,""note"":""bear_above_prior_close ($7467.44 >= $7465.49)"",""unknown_flags"":0}"
2026-07-20T18:10:00.237Z,2026-07-20,QQQ,QQQ,bull,700.845,BULL_REVERSE,2026-07-20T18:11:00.237Z,13:30-15,QQQ260720C00701000,QQQ260720C00701000,2026-07-20,701,call,0.95,0.94,0.96,good_0.5-2,2.1,,,positive,2,<20,,,17.89,0.2,bullish,205140,true,mixed,false,confirmed,2026-07-20T18:11:09.027Z,1.005,2,"{""afternoon"":true,""posgex_noroom"":true,""flow_exhausted"":false,""flow_against"":false,""pin"":false,""breakeven"":false}",2,false,false,false,,"{""executed"":true,""note"":{""note"":""ok"",""execution_status"":""executed"",""bull_tape_gate_pass"":true},""unknown_flags"":0}"
2026-07-20T18:13:00.240Z,2026-07-20,QQQ,QQQ,bear,701.125,BEAR_RUG,2026-07-20T18:14:00.240Z,13:30-15,QQQ260720P00701000,QQQ260720P00701000,2026-07-20,701,put,0.985,0.98,0.99,good_0.5-2,1,,,positive,2,<20,,,17.8,0.11,bullish,552111,false,mixed,false,not_confirmed,2026-07-20T18:14:10.167Z,0.975,3,"{""afternoon"":true,""posgex_noroom"":true,""flow_exhausted"":false,""flow_against"":true,""pin"":false,""breakeven"":false}",1,false,false,false,,"{""executed"":false,""note"":""bear_above_prior_close ($701.13 >= $697.11)"",""unknown_flags"":0}"
2026-07-20T18:32:00.310Z,2026-07-20,SPXW,SPX,bull,7466.3,BULL_REVERSE,2026-07-20T18:33:00.310Z,13:30-15,SPXW260720C07465000,SPXW260720C07465000,2026-07-20,7465,call,7.1,7,7.2,bad_2-10,2.8,,,positive,5,<20,,,17.99,0.3,bearish,-3532238,false,mixed,false,not_confirmed,2026-07-20T18:33:08.306Z,6.55,3,"{""afternoon"":true,""posgex_noroom"":true,""flow_exhausted"":false,""flow_against"":true,""pin"":false,""breakeven"":false}",0,false,false,false,,"{""executed"":true,""note"":{""note"":""ok"",""execution_status"":""executed"",""bull_tape_gate_pass"":true},""unknown_flags"":0}"
2026-07-20T18:34:00.312Z,2026-07-20,SPXW,SPX,bear,7464.27,BEAR_CONTINUE,2026-07-20T18:35:00.312Z,13:30-15,SPXW260720P07465000,SPXW260720P07465000,2026-07-20,7465,put,7.25,7.2,7.3,bad_2-10,1.4,,,positive,6,<20,,,18.06,0.37,bullish,8516294,false,mixed,false,confirmed,2026-07-20T18:35:08.912Z,7.35,3,"{""afternoon"":true,""posgex_noroom"":true,""flow_exhausted"":false,""flow_against"":true,""pin"":false,""breakeven"":false}",0,false,false,false,,"{""executed"":true,""note"":""ok"",""unknown_flags"":0}"
2026-07-20T18:38:00.316Z,2026-07-20,SPXW,SPX,bear,7465.16,BEAR_RUG,2026-07-20T18:39:00.316Z,13:30-15,SPXW260720P07465000,SPXW260720P07465000,2026-07-20,7465,put,6.85,6.8,6.9,bad_2-10,1.5,,,positive,7,<20,,,18.05,0.36,bullish,4956652,false,mixed,false,confirmed,2026-07-20T18:39:09.036Z,7.65,3,"{""afternoon"":true,""posgex_noroom"":true,""flow_exhausted"":false,""flow_against"":true,""pin"":false,""breakeven"":false}",0,false,false,false,,"{""executed"":true,""note"":""ok"",""unknown_flags"":0}"
2026-07-20T19:06:00.333Z,2026-07-20,SPXW,SPX,bear,7449.57,BEAR_CONTINUE,2026-07-20T19:07:00.333Z,15+,SPXW260720P07450000,SPXW260720P07450000,2026-07-20,7450,put,6.800000000000001,6.7,6.9,bad_2-10,2.9,,,positive,13,<20,,,18.48,0.79,bearish,-2504998,true,mixed,false,not_confirmed,2026-07-20T19:07:09.092Z,5.300000000000001,1,"{""afternoon"":false,""posgex_noroom"":true,""flow_exhausted"":false,""flow_against"":false,""pin"":false,""breakeven"":false}",1,false,true,false,,"{""executed"":true,""note"":""ok"",""unknown_flags"":0}"
2026-07-20T19:15:00.367Z,2026-07-20,SPXW,SPX,bear,7442.65,BEAR_TRAPDOOR,2026-07-20T19:16:00.367Z,15+,SPXW260720P07445000,SPXW260720P07445000,2026-07-20,7445,put,7.699999999999999,7.6,7.8,bad_2-10,2.6,,,positive,4,<20,,,18.66,0.97,bullish,14496448,false,mixed,false,not_confirmed,2026-07-20T19:16:08.028Z,6.6,3,"{""afternoon"":false,""posgex_noroom"":true,""flow_exhausted"":false,""flow_against"":true,""pin"":true,""breakeven"":false}",0,false,false,false,,"{""executed"":false,""note"":""after_15:15_ET"",""unknown_flags"":0}"
2026-07-20T19:22:00.377Z,2026-07-20,QQQ,QQQ,bull,696.59,BULL_REVERSE,2026-07-20T19:23:00.377Z,15+,QQQ260720C00697000,QQQ260720C00697000,2026-07-20,697,call,0.735,0.73,0.74,good_0.5-2,1.4,,,positive,63,50-100(sweet),,,18.63,0.94,bearish,-139570,false,one-sided,false,not_confirmed,2026-07-20T19:23:09.509Z,0.645,3,"{""afternoon"":false,""posgex_noroom"":false,""flow_exhausted"":true,""flow_against"":true,""pin"":true,""breakeven"":false}",2,false,false,false,,"{""executed"":false,""note"":""after_15:15_ET"",""unknown_flags"":0}"
2026-07-20T19:23:00.379Z,2026-07-20,QQQ,QQQ,bear,696.52,BEAR_RUG,2026-07-20T19:24:00.379Z,15+,QQQ260720P00697000,QQQ260720P00697000,2026-07-20,697,put,1.16,1.15,1.17,good_0.5-2,1.7,,,positive,22,20-50,,,18.62,0.93,bearish,-1078758,true,one-sided,false,not_confirmed,2026-07-20T19:24:09.311Z,0.98,2,"{""afternoon"":false,""posgex_noroom"":false,""flow_exhausted"":true,""flow_against"":false,""pin"":true,""breakeven"":false}",1,false,false,false,,"{""executed"":false,""note"":""after_15:15_ET"",""unknown_flags"":0}"
2026-07-20T19:25:00.382Z,2026-07-20,SPXW,SPX,bear,7448.28,BEAR_CONTINUE,2026-07-20T19:26:00.382Z,15+,SPXW260720P07450000,SPXW260720P07450000,2026-07-20,7450,put,6.25,6.2,6.3,bad_2-10,1.6,,,positive,11,<20,,,18.55,0.86,bearish,-15415391,true,mixed,false,confirmed,2026-07-20T19:26:08.607Z,8.45,2,"{""afternoon"":false,""posgex_noroom"":true,""flow_exhausted"":false,""flow_against"":false,""pin"":true,""breakeven"":false}",1,false,false,false,,"{""executed"":false,""note"":""after_15:15_ET"",""unknown_flags"":0}"
2026-07-20T19:35:00.402Z,2026-07-20,SPXW,SPX,bear,7455.08,BEAR_RUG,2026-07-20T19:36:00.402Z,15+,SPXW260720P07455000,SPXW260720P07455000,2026-07-20,7455,put,4.5,4.4,4.6,bad_2-10,4.4,,,positive,20,20-50,,,18.39,0.7,bearish,-12497730,true,one-sided,false,confirmed,2026-07-20T19:36:08.880Z,6.699999999999999,2,"{""afternoon"":false,""posgex_noroom"":false,""flow_exhausted"":true,""flow_against"":false,""pin"":true,""breakeven"":false}",0,false,false,false,,"{""executed"":false,""note"":""after_15:15_ET"",""unknown_flags"":0}"
2026-07-20T19:46:00.445Z,2026-07-20,SPY,SPY,bear,742.745,BEAR_CONTINUE,2026-07-20T19:47:00.445Z,15+,SPY260720P00743000,SPY260720P00743000,2026-07-20,743,put,0.62,0.61,0.63,good_0.5-2,3.2,,,positive,10,<20,,,18.42,0.73,bearish,-177937,true,mixed,false,not_confirmed,2026-07-20T19:47:10.728Z,0.515,2,"{""afternoon"":false,""posgex_noroom"":true,""flow_exhausted"":false,""flow_against"":false,""pin"":true,""breakeven"":false}",2,false,false,false,,"{""executed"":false,""note"":""after_15:15_ET"",""unknown_flags"":0}"
2026-07-20T19:51:00.452Z,2026-07-20,SPXW,SPX,bear,7449.37,BEAR_CONTINUE,2026-07-20T19:52:00.452Z,15+,SPXW260720P07450000,SPXW260720P07450000,2026-07-20,7450,put,3.6500000000000004,3.6,3.7,bad_2-10,2.7,,,positive,13,<20,,,18.45,0.76,bearish,-6489935,true,mixed,false,confirmed,2026-07-20T19:52:09.742Z,5.45,2,"{""afternoon"":false,""posgex_noroom"":true,""flow_exhausted"":false,""flow_against"":false,""pin"":true,""breakeven"":false}",1,false,false,false,,"{""executed"":false,""note"":""after_15:15_ET"",""unknown_flags"":0}"
2026-07-20T19:54:00.455Z,2026-07-20,SPXW,SPX,bear,7445.23,BEAR_TRAPDOOR,2026-07-20T19:55:00.455Z,15+,SPXW260720P07445000,SPXW260720P07445000,2026-07-20,7445,put,2.675,2.65,2.7,bad_2-10,1.9,,,positive,7,<20,,,18.54,0.85,bullish,14150133,false,mixed,false,confirmed,2026-07-20T19:55:09.763Z,4.199999999999999,3,"{""afternoon"":false,""posgex_noroom"":true,""flow_exhausted"":false,""flow_against"":true,""pin"":true,""breakeven"":false}",0,false,false,false,,"{""executed"":false,""note"":""after_15:15_ET"",""unknown_flags"":0}"
2026-07-20T19:54:00.455Z,2026-07-20,QQQ,QQQ,bear,696.315,BEAR_RUG,2026-07-20T19:55:00.455Z,15+,QQQ260720P00696000,QQQ260720P00696000,2026-07-20,696,put,0.495,0.49,0.5,other,2,,,positive,19,<20,,,18.54,0.85,bearish,-2607572,true,one-sided,false,confirmed,2026-07-20T19:55:09.864Z,0.855,3,"{""afternoon"":false,""posgex_noroom"":true,""flow_exhausted"":true,""flow_against"":false,""pin"":true,""breakeven"":false}",0,false,false,false,,"{""executed"":false,""note"":""after_15:15_ET"",""unknown_flags"":0}"
2026-07-20T19:55:00.456Z,2026-07-20,SPXW,SPX,bull,7446.93,BULL_REVERSE,2026-07-20T19:56:00.456Z,15+,SPXW260720C07445000,SPXW260720C07445000,2026-07-20,7445,call,2.7750000000000004,2.7,2.85,bad_2-10,5.4,,,positive,4,<20,,,18.51,0.82,bullish,12935560,true,mixed,false,not_confirmed,2026-07-20T19:56:09.326Z,1.35,2,"{""afternoon"":false,""posgex_noroom"":true,""flow_exhausted"":false,""flow_against"":false,""pin"":true,""breakeven"":false}",1,false,false,false,,"{""executed"":false,""note"":""after_15:15_ET"",""unknown_flags"":0}"
2026-07-21T13:30:30.008Z,2026-07-21,QQQ,QQQ,bear,706.1700000000001,BEAR_RUG,2026-07-21T13:31:30.008Z,9:30-10,QQQ260721P00706000,QQQ260721P00706000,2026-07-21,706,put,2.635,2.6,2.67,bad_2-10,2.7,,,neutral,59,50-100(sweet),,,17.75,0,bullish,1436433,false,one-sided,false,confirmed,2026-07-21T13:41:02.451Z,2.95,3,"{""afternoon"":false,""posgex_noroom"":false,""flow_exhausted"":true,""flow_against"":true,""pin"":false,""breakeven"":true}",2,false,false,false,,"{""executed"":false,""note"":""bear_above_prior_close ($706.17 >= $697.11)"",""unknown_flags"":0}"
2026-07-21T13:41:01.450Z,2026-07-21,SPXW,SPX,bear,7474.28,BEAR_RUG,2026-07-21T13:42:01.450Z,9:30-10,SPXW260721P07475000,SPXW260721P07475000,2026-07-21,7475,put,16.700000000000003,16.6,16.8,other,1.2,,,negative,66,50-100(sweet),,,17.85,0.1,bullish,13265945,false,mixed,false,confirmed,2026-07-21T13:44:50.122Z,18.75,1,"{""afternoon"":false,""posgex_noroom"":false,""flow_exhausted"":false,""flow_against"":true,""pin"":false,""breakeven"":false}",2,false,true,false,,"{""executed"":false,""note"":""bear_above_prior_close ($7474.28 >= $7446.74)"",""unknown_flags"":0}"
2026-07-21T15:46:10.607Z,2026-07-21,QQQ,QQQ,bear,707.6949999999999,BEAR_RUG,2026-07-21T15:47:10.607Z,11-12,QQQ260721P00708000,QQQ260721P00708000,2026-07-21,708,put,1.65,1.64,1.66,good_0.5-2,1.2,,,positive,10,<20,,,17.22,-0.53,bullish,1895185,false,mixed,false,not_confirmed,2026-07-21T15:47:59.216Z,1.5150000000000001,2,"{""afternoon"":false,""posgex_noroom"":true,""flow_exhausted"":false,""flow_against"":true,""pin"":false,""breakeven"":false}",1,false,false,false,,"{""executed"":false,""note"":""bear_above_prior_close ($707.69 >= $696.41)"",""unknown_flags"":0}"
2026-07-21T16:46:00.443Z,2026-07-21,SPXW,SPX,bear,7510.89,BEAR_RUG,2026-07-21T16:47:00.443Z,lunch,SPXW260721P07510000,SPXW260721P07510000,2026-07-21,7510,put,6.55,6.5,6.6,bad_2-10,1.5,,,neutral,81,50-100(sweet),,,17.12,0,bullish,12008194,false,mixed,false,not_confirmed,2026-07-21T16:47:06.762Z,6.4,2,"{""afternoon"":false,""posgex_noroom"":false,""flow_exhausted"":false,""flow_against"":true,""pin"":true,""breakeven"":false}",2,false,false,false,,"{""executed"":false,""note"":""bear_above_session_open ($7510.89 >= $7510.89)"",""unknown_flags"":0}"
2026-07-21T16:54:00.448Z,2026-07-21,QQQ,QQQ,bear,709.565,BEAR_RUG,2026-07-21T16:55:00.448Z,lunch,QQQ260721P00710000,QQQ260721P00710000,2026-07-21,710,put,1.31,1.3,1.32,good_0.5-2,1.5,,,positive,8,<20,,,17.07,-0.05,bullish,4985093,false,one-sided,false,not_confirmed,2026-07-21T16:55:08.355Z,1.19,4,"{""afternoon"":false,""posgex_noroom"":true,""flow_exhausted"":true,""flow_against"":true,""pin"":true,""breakeven"":false}",1,false,false,false,,"{""executed"":false,""note"":""bear_above_prior_close ($709.57 >= $696.41)"",""unknown_flags"":0}"
2026-07-22T13:30:53.062Z,2026-07-22,SPXW,SPX,bear,7491.28,BEAR_RUG,2026-07-22T13:31:53.062Z,9:30-10,SPXW260722P07490000,SPXW260722P07490000,2026-07-22,7490,put,12.55,12.4,12.7,other,2.4,,,positive,55,50-100(sweet),,,17.29,0,bearish,-30586688,true,one-sided,false,not_confirmed,2026-07-22T13:32:00.341Z,10.9,1,"{""afternoon"":false,""posgex_noroom"":false,""flow_exhausted"":true,""flow_against"":false,""pin"":false,""breakeven"":false}",1,false,true,false,,"{""executed"":false,""note"":""bear_above_session_open ($7491.28 >= $7491.28)"",""unknown_flags"":0}"
2026-07-22T13:35:53.068Z,2026-07-22,QQQ,QQQ,bull,705.05,BULL_REVERSE,2026-07-22T13:36:53.068Z,9:30-10,QQQ260722C00705000,QQQ260722C00705000,2026-07-22,705,call,2.7800000000000002,2.77,2.79,bad_2-10,0.7,,,positive,28,20-50,,,17.28,-0.01,bullish,645307,true,mixed,false,not_confirmed,2026-07-22T13:37:01.012Z,2.605,1,"{""afternoon"":false,""posgex_noroom"":false,""flow_exhausted"":false,""flow_against"":false,""pin"":false,""breakeven"":true}",1,false,true,false,,"{""executed"":false,""note"":{""note"":""bull_tape_gate (SPY_QQQ_SPX_BELOW_PRIOR_CLOSE)"",""execution_status"":""gate_blocked"",""blocked_by"":""bull_tape_gate"",""bull_tape_gate_pass"":false,""bull_tape_gate_reason"":""SPY_QQQ_SPX_BELOW_PRIOR_CLOSE""},""unknown_flags"":0}"
2026-07-22T13:37:53.070Z,2026-07-22,QQQ,QQQ,bear,705.2,BEAR_RUG,2026-07-22T13:38:53.070Z,9:30-10,QQQ260722P00705000,QQQ260722P00705000,2026-07-22,705,put,2.605,2.6,2.61,bad_2-10,0.4,,,positive,60,50-100(sweet),,,17.24,-0.05,bearish,-203610,true,mixed,false,confirmed,2026-07-22T13:39:02.298Z,2.9850000000000003,1,"{""afternoon"":false,""posgex_noroom"":false,""flow_exhausted"":false,""flow_against"":false,""pin"":false,""breakeven"":true}",2,false,true,false,,"{""executed"":true,""note"":""ok"",""unknown_flags"":0}"
2026-07-22T14:10:53.082Z,2026-07-22,QQQ,QQQ,bear,707.2,BEAR_RUG,2026-07-22T14:11:53.082Z,10-11,QQQ260722P00707000,QQQ260722P00707000,2026-07-22,707,put,2.225,2.22,2.23,bad_2-10,0.4,,,positive,31,20-50,,,16.87,-0.42,bearish,-3068691,true,mixed,false,not_confirmed,2026-07-22T14:12:01.327Z,2.04,1,"{""afternoon"":false,""posgex_noroom"":false,""flow_exhausted"":false,""flow_against"":false,""pin"":false,""breakeven"":true}",1,false,true,false,,"{""executed"":true,""note"":""ok"",""unknown_flags"":0}"
2026-07-22T14:27:53.098Z,2026-07-22,SPXW,SPX,bull,7497.48,BULL_REVERSE,2026-07-22T14:28:53.098Z,10-11,SPXW260722C07495000,SPXW260722C07495000,2026-07-22,7495,call,12.75,12.7,12.8,other,0.8,,,positive,37,20-50,,,17.19,-0.1,bullish,33322705,true,mixed,false,confirmed,2026-07-22T14:29:00.305Z,13.1,0,"{""afternoon"":false,""posgex_noroom"":false,""flow_exhausted"":false,""flow_against"":false,""pin"":false,""breakeven"":false}",2,true,true,true,,"{""executed"":false,""note"":{""note"":""bull_tape_gate (SPY_QQQ_SPX_BELOW_PRIOR_CLOSE)"",""execution_status"":""gate_blocked"",""blocked_by"":""bull_tape_gate"",""bull_tape_gate_pass"":false,""bull_tape_gate_reason"":""SPY_QQQ_SPX_BELOW_PRIOR_CLOSE""},""unknown_flags"":0}"
2026-07-22T14:29:53.070Z,2026-07-22,SPXW,SPX,bear,7498.46,BEAR_RUG,2026-07-22T14:30:53.070Z,10-11,SPXW260722P07500000,SPXW260722P07500000,2026-07-22,7500,put,12.850000000000001,12.8,12.9,other,0.8,,,positive,25,20-50,,,17.18,-0.11,bullish,16509428,false,mixed,false,not_confirmed,2026-07-22T14:31:01.121Z,12.5,1,"{""afternoon"":false,""posgex_noroom"":false,""flow_exhausted"":false,""flow_against"":true,""pin"":false,""breakeven"":false}",0,false,true,false,,"{""executed"":true,""note"":""ok"",""unknown_flags"":0}"
2026-07-22T14:58:53.118Z,2026-07-22,QQQ,QQQ,bear,707.215,BEAR_RUG,2026-07-22T14:59:53.118Z,10-11,QQQ260722P00707000,QQQ260722P00707000,2026-07-22,707,put,1.975,1.97,1.98,good_0.5-2,0.5,,,positive,31,20-50,,,17.08,-0.21,bullish,1895079,false,one-sided,false,not_confirmed,2026-07-22T15:00:00.173Z,1.955,2,"{""afternoon"":false,""posgex_noroom"":false,""flow_exhausted"":true,""flow_against"":true,""pin"":false,""breakeven"":false}",1,false,false,false,,"{""executed"":true,""note"":""ok"",""unknown_flags"":0}"
2026-07-22T15:22:53.144Z,2026-07-22,QQQ,QQQ,bull,708.78,BULL_REVERSE,2026-07-22T15:23:53.144Z,11-12,QQQ260722C00709000,QQQ260722C00709000,2026-07-22,709,call,1.725,1.72,1.73,good_0.5-2,0.6,,,positive,3,<20,,,16.89,-0.4,bearish,-2396557,false,mixed,false,confirmed,2026-07-22T15:24:00.656Z,1.8250000000000002,2,"{""afternoon"":false,""posgex_noroom"":true,""flow_exhausted"":false,""flow_against"":true,""pin"":false,""breakeven"":false}",1,false,false,false,,"{""executed"":true,""note"":{""note"":""ok"",""execution_status"":""executed"",""bull_tape_gate_pass"":true},""unknown_flags"":0}"
2026-07-22T15:51:53.224Z,2026-07-22,QQQ,QQQ,bear,709.175,BEAR_RUG,2026-07-22T15:52:53.224Z,11-12,QQQ260722P00709000,QQQ260722P00709000,2026-07-22,709,put,1.6150000000000002,1.61,1.62,good_0.5-2,0.6,,,positive,17,<20,,,16.81,-0.48,bullish,1516680,false,mixed,false,not_confirmed,2026-07-22T15:53:00.696Z,1.505,2,"{""afternoon"":false,""posgex_noroom"":true,""flow_exhausted"":false,""flow_against"":true,""pin"":false,""breakeven"":false}",1,false,false,false,,"{""executed"":true,""note"":""ok"",""unknown_flags"":0}"
2026-07-22T16:17:53.227Z,2026-07-22,QQQ,QQQ,bull,709.15,BULL_REVERSE,2026-07-22T16:18:53.227Z,lunch,QQQ260722C00709000,QQQ260722C00709000,2026-07-22,709,call,1.755,1.75,1.76,good_0.5-2,0.6,,,positive,12,<20,,,16.83,-0.46,bearish,-7080575,false,one-sided,false,confirmed,2026-07-22T16:19:01.180Z,1.85,3,"{""afternoon"":false,""posgex_noroom"":true,""flow_exhausted"":true,""flow_against"":true,""pin"":false,""breakeven"":false}",1,false,false,false,,"{""executed"":true,""note"":{""note"":""ok"",""execution_status"":""executed"",""bull_tape_gate_pass"":true},""unknown_flags"":0}"
2026-07-22T16:39:53.246Z,2026-07-22,SPXW,SPX,bull,7524.12,BULL_REVERSE,2026-07-22T16:40:53.246Z,lunch,SPXW260722C07525000,SPXW260722C07525000,2026-07-22,7525,call,5.35,5.3,5.4,bad_2-10,1.9,,,negative,21,20-50,,,16.8,-0.49,bearish,-3813673,false,mixed,false,not_confirmed,2026-07-22T16:41:00.986Z,4.9,1,"{""afternoon"":false,""posgex_noroom"":false,""flow_exhausted"":false,""flow_against"":true,""pin"":false,""breakeven"":false}",1,false,true,false,,"{""executed"":true,""note"":{""note"":""ok"",""execution_status"":""executed"",""bull_tape_gate_pass"":true},""unknown_flags"":0}"
2026-07-22T16:40:53.247Z,2026-07-22,SPXW,SPX,bear,7522.56,BEAR_RUG,2026-07-22T16:41:53.247Z,lunch,SPXW260722P07525000,SPXW260722P07525000,2026-07-22,7525,put,7.199999999999999,7.1,7.3,bad_2-10,2.8,,,negative,30,20-50,,,16.81,-0.48,bearish,-9675162,true,mixed,false,not_confirmed,2026-07-22T16:42:00.513Z,7.05,0,"{""afternoon"":false,""posgex_noroom"":false,""flow_exhausted"":false,""flow_against"":false,""pin"":false,""breakeven"":false}",3,true,true,false,,"{""executed"":false,""note"":""bear_above_prior_close ($7522.56 >= $7509.29)"",""unknown_flags"":0}"
2026-07-22T17:22:53.330Z,2026-07-22,SPXW,SPX,bull,7516.22,BULL_REVERSE,2026-07-22T17:23:53.330Z,lunch,SPXW260722C07515000,SPXW260722C07515000,2026-07-22,7515,call,6.25,6.2,6.3,bad_2-10,1.6,,,negative,18,<20,,,16.8,-0.49,bullish,24315258,true,one-sided,false,confirmed,2026-07-22T17:24:00.517Z,6.4,1,"{""afternoon"":false,""posgex_noroom"":false,""flow_exhausted"":true,""flow_against"":false,""pin"":false,""breakeven"":false}",1,false,true,false,,"{""executed"":true,""note"":{""note"":""ok"",""execution_status"":""executed"",""bull_tape_gate_pass"":true},""unknown_flags"":0}"
2026-07-22T17:23:53.332Z,2026-07-22,SPXW,SPX,bear,7516.88,BEAR_RUG,2026-07-22T17:24:53.332Z,lunch,SPXW260722P07515000,SPXW260722P07515000,2026-07-22,7515,put,5.05,5,5.1,bad_2-10,2,,,negative,22,20-50,,,16.8,-0.49,bullish,24348972,false,one-sided,false,not_confirmed,2026-07-22T17:25:01.186Z,4.75,2,"{""afternoon"":false,""posgex_noroom"":false,""flow_exhausted"":true,""flow_against"":true,""pin"":false,""breakeven"":false}",1,false,false,false,,"{""executed"":false,""note"":""bear_above_prior_close ($7516.88 >= $7509.29)"",""unknown_flags"":0}"
2026-07-22T17:59:53.440Z,2026-07-22,SPXW,SPX,bull,7510.04,BULL_REVERSE,2026-07-22T18:00:53.440Z,13:30-15,SPXW260722C07510000,SPXW260722C07510000,2026-07-22,7510,call,5.75,5.7,5.8,bad_2-10,1.7,,,neutral,27,20-50,,,16.91,-0.38,bullish,10826582,true,one-sided,false,unknown,,,2,"{""afternoon"":true,""posgex_noroom"":false,""flow_exhausted"":true,""flow_against"":false,""pin"":false,""breakeven"":false}",1,false,false,,,"{""executed"":true,""note"":{""note"":""ok"",""execution_status"":""executed"",""bull_tape_gate_pass"":true},""unknown_flags"":0}"
2026-07-22T18:00:53.442Z,2026-07-22,SPXW,SPX,bear,7511.71,BEAR_RUG,2026-07-22T18:01:53.442Z,13:30-15,SPXW260722P07510000,SPXW260722P07510000,2026-07-22,7510,put,4.35,4.3,4.4,bad_2-10,2.3,,,neutral,16,<20,,,16.88,-0.41,bullish,2454568,false,one-sided,false,confirmed,2026-07-22T18:02:01.386Z,5.1,3,"{""afternoon"":true,""posgex_noroom"":false,""flow_exhausted"":true,""flow_against"":true,""pin"":false,""breakeven"":false}",1,false,false,false,,"{""executed"":false,""note"":""bear_above_prior_close ($7511.71 >= $7509.29)"",""unknown_flags"":0}"
