vix_q,n,vix_mean,rv_rest_mean,abs_fwd1h_spy,vrp
Q1 low,925,15.950713513513513,5.4226714528266795,12.057597407087535,10.528042060686833
Q2,945,16.861989417989417,6.545451292466983,13.36263383851567,10.316538125522435
Q3,939,17.6785303514377,7.244863625952724,16.166078372373256,10.433666725484976
Q4,927,18.482858683926647,8.007801952516871,17.589986834550647,10.475056731409776
Q5 high,936,19.739604700854702,11.504870183175722,23.0352839608669,8.23473451767898
